Unity Editor version:    6000.3.11f1 (3000ef702840)
Branch:                  6000.3/staging
Build type:              Release
Batch mode:              YES
macOS version:           Version 15.7.4 (Build 24G517)
Darwin version:          24.6.0
Architecture:            arm64
Running under Rosetta:   NO
Available memory:        24576 MB
Date:                    2026-07-26T23:11:28Z
[Licensing::Module] Trying to connect to existing licensing client channel...
[Licensing::IpcConnector] Successfully connected to: "LicenseClient-motimalka" at "2026-07-26T23:11:28.665067Z"
Launching external process: /Applications/Unity/Hub/Editor/6000.3.11f1/Unity.app/Contents/Resources/PackageManager/Server/UnityPackageManager

COMMAND LINE ARGUMENTS:
/Applications/Unity/Hub/Editor/6000.3.11f1/Unity.app/Contents/MacOS/Unity
-batchmode
-projectPath
/Users/motimalka/Desktop/moti/yuvi-720/unity-learning-world
-executeMethod
Yuvi720.LearningWorld.Editor.Grounding.ArrivalProductionBuilder.RebuildAndCapture
-quit
-logFile
/Users/motimalka/Desktop/moti/yuvi-720/unity-build.log
Successfully changed project path to: /Users/motimalka/Desktop/moti/yuvi-720/unity-learning-world
/Users/motimalka/Desktop/moti/yuvi-720/unity-learning-world
[UnityMemory] Configuration Parameters - Can be set up in boot.config
    "memorysetup-allocator-temp-initial-block-size-main=262144"
    "memorysetup-allocator-temp-initial-block-size-worker=262144"
    "memorysetup-temp-allocator-size-background-worker=32768"
    "memorysetup-temp-allocator-size-job-worker=262144"
    "memorysetup-temp-allocator-size-preload-manager=33554432"
    "memorysetup-temp-allocator-size-nav-mesh-worker=65536"
    "memorysetup-temp-allocator-size-audio-worker=65536"
    "memorysetup-temp-allocator-size-cloud-worker=32768"
    "memorysetup-bucket-allocator-granularity=16"
    "memorysetup-bucket-allocator-bucket-count=8"
    "memorysetup-bucket-allocator-block-size=33554432"
    "memorysetup-bucket-allocator-block-count=8"
    "memorysetup-main-allocator-block-size=16777216"
    "memorysetup-thread-allocator-block-size=16777216"
    "memorysetup-gfx-main-allocator-block-size=16777216"
    "memorysetup-gfx-thread-allocator-block-size=16777216"
    "memorysetup-cache-allocator-block-size=4194304"
    "memorysetup-typetree-allocator-block-size=2097152"
    "memorysetup-profiler-bucket-allocator-granularity=16"
    "memorysetup-profiler-bucket-allocator-bucket-count=8"
    "memorysetup-profiler-bucket-allocator-block-size=33554432"
    "memorysetup-profiler-bucket-allocator-block-count=8"
    "memorysetup-profiler-allocator-block-size=16777216"
    "memorysetup-profiler-editor-allocator-block-size=1048576"
    "memorysetup-temp-allocator-size-main=16777216"
    "memorysetup-job-temp-allocator-block-size=2097152"
    "memorysetup-job-temp-allocator-block-size-background=1048576"
    "memorysetup-job-temp-allocator-reduction-small-platforms=262144"
    "memorysetup-temp-allocator-size-gi-baking-worker=262144"
    "memorysetup-temp-allocator-size-gi-baking-worker=262144"
    "memorysetup-temp-allocator-size-gi-baking-worker=262144"
    "memorysetup-temp-allocator-size-gi-baking-worker=262144"
    "memorysetup-temp-allocator-size-gi-baking-worker=262144"
    "memorysetup-temp-allocator-size-gfx=262144"
Player connection [8306172480]  Target information:

Player connection [8306172480]  * "[IP] 192.168.1.35 [Port] 55504 [Flags] 2 [Guid] 2483155635 [EditorId] 2483155635 [Version] 1048832 [Id] OSXEditor(0,moti.local) [Debug] 1 [PackageName] OSXEditor [ProjectName] Editor" 

Player connection [8306172480] Host joined multi-casting on [225.0.0.222:54997]...
Player connection [8306172480] Host joined alternative multi-casting on [225.0.0.222:34997]...
Input System module state changed to: Initialized.
[Physics::Module] Initialized fallback backend.
[Physics::Module] Id: 0xdecafbad
[Licensing::Client] Error: HandshakeResponse reported an error:
	ResponseCode: 505
	ResponseStatus: Unsupported protocol version '1.18.0'.
[Licensing::Module] Error: Failed to handshake to channel: "LicenseClient-motimalka"
[Licensing::IpcConnector] LicenseClient-motimalka channel disconnected successfully.
[Licensing::IpcConnector] Channel LicenseClient-motimalka-6000.3.11 doesn't exist
Launching external process: /Applications/Unity/Hub/Editor/6000.3.11f1/Unity.app/Contents/Helpers/UnityLicensingClient.app/Contents/MacOS/Unity.Licensing.Client
[Licensing::Module] Successfully launched the LicensingClient (PId: 34186)
[Package Manager] Connected to IPC stream "Upm-34178" after 0.3 seconds.
[Licensing::Module] Licensing is not yet initialized.
[Licensing::IpcConnector] Successfully connected to: "LicenseClient-motimalka-6000.3.11" at "2026-07-26T23:11:29.479227Z"
[Licensing::Client] Handshaking with LicensingClient:
  Version:                 1.18.0+23225a6
  Session Id:              0253475cd6e84a29be8605e58d81436c
  Correlation Id:          d71950ef58b2da8af6fa326a83938b3b
  External correlation Id: 2779351286707812477
  Machine Id:              /A/ezY0osS4tqJAVwGzkwuRrpLk=
[Licensing::Module] Successfully connected to LicensingClient on channel: "LicenseClient-motimalka-6000.3.11" (connect: 0.58s, validation: 0.02s, handshake: 0.01s)
[Licensing::IpcConnector] Successfully connected to: "LicenseClient-motimalka-6000.3.11-notifications" at "2026-07-26T23:11:29.51179Z"
[Licensing::Module] Connected to LicensingClient (PId: 34186, launch time: 0.00, total connection time: 0.62s)
[Licensing::Module] Error: Access token is unavailable; failed to update
[Licensing::Client] Successfully resolved entitlement details
[Licensing::Module] License group:
  Id: 18967194994461-UnityPersXXXX
  Product: Unity Personal
  Type: Assigned
  Expiration: Unlimited
[Licensing::Client] Successfully updated license, isAsync: True, time: 0.00
[Licensing::Client] Successfully resolved entitlement details
[Licensing::Module] Licensing Background thread has ended after 0.86s
[Licensing::Module] Licensing is initialized (took 0.43s).
[Licensing::Client] Successfully resolved entitlement details
Library Redirect Path: Library/
[Physics::Module] Selected backend.
[Physics::Module] Name: PhysX
[Physics::Module] Id: 0xf2b8ea05
[Physics::Module] SDK Version: 4.1.2
[Physics::Module] Integration Version: 1.0.0
[Physics::Module] Threading Mode: Multi-Threaded
Artifact Garbage Collection - Removed 6 unused hashed content files
Refreshing native plugins compatible for Editor in 0.43 ms, found 0 plugins.
Preloading 0 native plugins for Editor in 0.00 ms.
Initialize engine version: 6000.3.11f1 (3000ef702840)
[Subsystems] Discovering subsystems at path /Applications/Unity/Hub/Editor/6000.3.11f1/Unity.app/Contents/Resources/UnitySubsystems
[Subsystems] Discovering subsystems at path /Users/motimalka/Desktop/moti/yuvi-720/unity-learning-world/Assets
GfxDevice: creating device client; kGfxThreadingModeNonThreaded
 preferred device: Apple M4 Pro (high power)
Metal devices available: 1
0: Apple M4 Pro (high power)
Using device Apple M4 Pro (high power)
Initializing Metal device caps: Apple M4 Pro
Mac GPU Family: 2
Apple GPU Family: 9
MSL Version: 3.0
Has Float MSAA: 1
Has Float Filtering: 1
ReadWrite Texture Tier: 2
Initialize mono
Mono path[0] = '/Applications/Unity/Hub/Editor/6000.3.11f1/Unity.app/Contents/Resources/Scripting/Managed'
Mono path[1] = '/Applications/Unity/Hub/Editor/6000.3.11f1/Unity.app/Contents/Resources/Scripting/MonoBleedingEdge/lib/mono/unityjit-macos'
Mono config path = '/Applications/Unity/Hub/Editor/6000.3.11f1/Unity.app/Contents/Resources/Scripting/MonoBleedingEdge/etc'
Using monoOptions --debugger-agent=transport=dt_socket,embedding=1,server=y,suspend=n,address=127.0.0.1:56178
Using cacheserver namespaces - metadata:defaultmetadata, artifacts:defaultartifacts
Using cacheserver namespaces - metadata:defaultmetadata, artifacts:defaultartifacts
ImportWorker Server TCP listen port: 0
AcceleratorClientConnectionCallback - disconnected - :0
Begin MonoManager ReloadAssembly
Registering precompiled unity dll's ...
Register platform support module: /Applications/Unity/Hub/Editor/6000.3.11f1/PlaybackEngines/WebGLSupport/UnityEditor.WebGL.Extensions.dll
Register platform support module: /Applications/Unity/Hub/Editor/6000.3.11f1/Unity.app/Contents/PlaybackEngines/MacStandaloneSupport/UnityEditor.OSXStandalone.Extensions.dll
Registered in 0.001453 seconds.
- Loaded All Assemblies, in  0.350 seconds
Native extension for OSXStandalone target not found
Native extension for WebGL target not found
Package Manager log level set to [2]
ScheduleIndexationOnStartup MainProcess:False IndexOnStartup:True
Mono: successfully reloaded assembly
- Finished resetting the current domain, in  0.268 seconds
Domain Reload Profiling: 619ms
	BeginReloadAssembly (128ms)
		ExecutionOrderSort (0ms)
		DisableScriptedObjects (0ms)
		BackupInstance (0ms)
		ReleaseScriptingObjects (0ms)
		CreateAndSetChildDomain (18ms)
	RebuildCommonClasses (34ms)
	RebuildNativeTypeToScriptingClass (9ms)
	initialDomainReloadingComplete (33ms)
	LoadAllAssembliesAndSetupDomain (147ms)
		LoadAssemblies (110ms)
		RebuildTransferFunctionScriptingTraits (0ms)
		AnalyzeDomain (143ms)
			TypeCache.Refresh (142ms)
				TypeCache.ScanAssembly (127ms)
			BuildScriptInfoCaches (0ms)
			ResolveRequiredComponents (0ms)
	FinalizeReload (268ms)
		ReleaseScriptCaches (0ms)
		RebuildScriptCaches (0ms)
		SetupLoadedEditorAssemblies (239ms)
			LogAssemblyErrors (0ms)
			InitializePlatformSupportModulesInManaged (34ms)
			SetLoadedEditorAssemblies (3ms)
			BeforeProcessingInitializeOnLoad (54ms)
			ProcessInitializeOnLoadAttributes (82ms)
			ProcessInitializeOnLoadMethodAttributes (66ms)
			AfterProcessingInitializeOnLoad (0ms)
			EditorAssembliesLoaded (0ms)
		ExecutionOrderSort2 (0ms)
		AwakeInstancesAfterBackupRestoration (0ms)
[Licensing::Client] Successfully resolved entitlement details
Application.AssetDatabase Initial Refresh Start
[Package Manager] Restoring resolved packages state from cache
[Licensing::Client] Successfully resolved entitlement details
[Package Manager] Registered 36 packages:
  Packages from [https://packages.unity.com]:
    com.unity.addressables@3.1.0 (location: /Users/motimalka/Desktop/moti/yuvi-720/unity-learning-world/Library/PackageCache/com.unity.addressables@9bffe1a216ce)
    com.unity.collab-proxy@2.11.4 (location: /Users/motimalka/Desktop/moti/yuvi-720/unity-learning-world/Library/PackageCache/com.unity.collab-proxy@a5329f833fa8)
    com.unity.ide.rider@3.0.39 (location: /Users/motimalka/Desktop/moti/yuvi-720/unity-learning-world/Library/PackageCache/com.unity.ide.rider@4504839d03f7)
    com.unity.ide.visualstudio@2.0.26 (location: /Users/motimalka/Desktop/moti/yuvi-720/unity-learning-world/Library/PackageCache/com.unity.ide.visualstudio@a99d56dec63f)
    com.unity.ide.vscode@1.2.5 (location: /Users/motimalka/Desktop/moti/yuvi-720/unity-learning-world/Library/PackageCache/com.unity.ide.vscode@82e68656b7bd)
    com.unity.timeline@1.8.11 (location: /Users/motimalka/Desktop/moti/yuvi-720/unity-learning-world/Library/PackageCache/com.unity.timeline@bfd27f8016ff)
    com.unity.profiling.core@1.0.3 (location: /Users/motimalka/Desktop/moti/yuvi-720/unity-learning-world/Library/PackageCache/com.unity.profiling.core@8a49f7027d06)
    com.unity.scriptablebuildpipeline@3.1.1 (location: /Users/motimalka/Desktop/moti/yuvi-720/unity-learning-world/Library/PackageCache/com.unity.scriptablebuildpipeline@ea93f1084040)
    com.unity.nuget.newtonsoft-json@3.2.2 (location: /Users/motimalka/Desktop/moti/yuvi-720/unity-learning-world/Library/PackageCache/com.unity.nuget.newtonsoft-json@4dfd81071c64)
  Built-in packages:
    com.unity.test-framework@1.6.0 (location: /Users/motimalka/Desktop/moti/yuvi-720/unity-learning-world/Library/PackageCache/com.unity.test-framework@0b7a23ab2e1d)
    com.unity.ugui@2.0.0 (location: /Users/motimalka/Desktop/moti/yuvi-720/unity-learning-world/Library/PackageCache/com.unity.ugui@f17df9b1ab21)
    com.unity.modules.adaptiveperformance@1.0.0 (location: /Users/motimalka/Desktop/moti/yuvi-720/unity-learning-world/Library/PackageCache/com.unity.modules.adaptiveperformance)
    com.unity.modules.ai@1.0.0 (location: /Users/motimalka/Desktop/moti/yuvi-720/unity-learning-world/Library/PackageCache/com.unity.modules.ai)
    com.unity.modules.animation@1.0.0 (location: /Users/motimalka/Desktop/moti/yuvi-720/unity-learning-world/Library/PackageCache/com.unity.modules.animation)
    com.unity.modules.assetbundle@1.0.0 (location: /Users/motimalka/Desktop/moti/yuvi-720/unity-learning-world/Library/PackageCache/com.unity.modules.assetbundle)
    com.unity.modules.audio@1.0.0 (location: /Users/motimalka/Desktop/moti/yuvi-720/unity-learning-world/Library/PackageCache/com.unity.modules.audio)
    com.unity.modules.imageconversion@1.0.0 (location: /Users/motimalka/Desktop/moti/yuvi-720/unity-learning-world/Library/PackageCache/com.unity.modules.imageconversion)
    com.unity.modules.jsonserialize@1.0.0 (location: /Users/motimalka/Desktop/moti/yuvi-720/unity-learning-world/Library/PackageCache/com.unity.modules.jsonserialize)
    com.unity.modules.physics@1.0.0 (location: /Users/motimalka/Desktop/moti/yuvi-720/unity-learning-world/Library/PackageCache/com.unity.modules.physics)
    com.unity.modules.physics2d@1.0.0 (location: /Users/motimalka/Desktop/moti/yuvi-720/unity-learning-world/Library/PackageCache/com.unity.modules.physics2d)
    com.unity.modules.ui@1.0.0 (location: /Users/motimalka/Desktop/moti/yuvi-720/unity-learning-world/Library/PackageCache/com.unity.modules.ui)
    com.unity.modules.uielements@1.0.0 (location: /Users/motimalka/Desktop/moti/yuvi-720/unity-learning-world/Library/PackageCache/com.unity.modules.uielements)
    com.unity.modules.unitywebrequest@1.0.0 (location: /Users/motimalka/Desktop/moti/yuvi-720/unity-learning-world/Library/PackageCache/com.unity.modules.unitywebrequest)
    com.unity.modules.unitywebrequestassetbundle@1.0.0 (location: /Users/motimalka/Desktop/moti/yuvi-720/unity-learning-world/Library/PackageCache/com.unity.modules.unitywebrequestassetbundle)
    com.unity.modules.unitywebrequestaudio@1.0.0 (location: /Users/motimalka/Desktop/moti/yuvi-720/unity-learning-world/Library/PackageCache/com.unity.modules.unitywebrequestaudio)
    com.unity.modules.unitywebrequesttexture@1.0.0 (location: /Users/motimalka/Desktop/moti/yuvi-720/unity-learning-world/Library/PackageCache/com.unity.modules.unitywebrequesttexture)
    com.unity.modules.vectorgraphics@1.0.0 (location: /Users/motimalka/Desktop/moti/yuvi-720/unity-learning-world/Library/PackageCache/com.unity.modules.vectorgraphics)
    com.unity.modules.imgui@1.0.0 (location: /Users/motimalka/Desktop/moti/yuvi-720/unity-learning-world/Library/PackageCache/com.unity.modules.imgui)
    com.unity.modules.hierarchycore@1.0.0 (location: /Users/motimalka/Desktop/moti/yuvi-720/unity-learning-world/Library/PackageCache/com.unity.modules.hierarchycore)
    com.unity.modules.subsystems@1.0.0 (location: /Users/motimalka/Desktop/moti/yuvi-720/unity-learning-world/Library/PackageCache/com.unity.modules.subsystems)
    com.unity.modules.director@1.0.0 (location: /Users/motimalka/Desktop/moti/yuvi-720/unity-learning-world/Library/PackageCache/com.unity.modules.director)
    com.unity.modules.particlesystem@1.0.0 (location: /Users/motimalka/Desktop/moti/yuvi-720/unity-learning-world/Library/PackageCache/com.unity.modules.particlesystem)
    com.unity.ext.nunit@2.0.5 (location: /Users/motimalka/Desktop/moti/yuvi-720/unity-learning-world/Library/PackageCache/com.unity.ext.nunit@d8c07649098d)
    com.unity.modules.screencapture@1.0.0 (location: /Users/motimalka/Desktop/moti/yuvi-720/unity-learning-world/Library/PackageCache/com.unity.modules.screencapture)
  Git packages:
    com.besty.unity-skills@https://github.com/Besty0728/Unity-Skills.git?path=/SkillsForUnity#v2.1.3 (location: /Users/motimalka/Desktop/moti/yuvi-720/unity-learning-world/Library/PackageCache/com.besty.unity-skills@ccf034f0fcf5)
    com.coplaydev.unity-mcp@https://github.com/CoplayDev/unity-mcp.git?path=/MCPForUnity#v10.1.0 (location: /Users/motimalka/Desktop/moti/yuvi-720/unity-learning-world/Library/PackageCache/com.coplaydev.unity-mcp@a4c2d0a84573)
[Package Manager] com.unity.ide.vscode is deprecated: Visual Studio Code package is not supported anymore. You can continue to use it, but we won't provide any update anymore.
[Subsystems] No new subsystems found in resolved package list.
[Package Manager] Done registering packages in 0.01 seconds
[ScriptCompilation] Requested script compilation because: Assetdatabase observed changes in script compilation related files
[40m[32minfo[39m[22m[49m: Microsoft.Hosting.Lifetime[14]
      Now listening on: http://unix:/tmp/ilpp.sock-7817e8d9cd2ccfd9033d065697d75e1b
[40m[32minfo[39m[22m[49m: Microsoft.Hosting.Lifetime[0]
      Application started. Press Ctrl+C to shut down.
[40m[32minfo[39m[22m[49m: Microsoft.Hosting.Lifetime[0]
      Hosting environment: Production
[40m[32minfo[39m[22m[49m: Microsoft.Hosting.Lifetime[0]
      Content root path: /Users/motimalka/Desktop/moti/yuvi-720/unity-learning-world/
[40m[32minfo[39m[22m[49m: Microsoft.AspNetCore.Hosting.Diagnostics[1]
      Request starting HTTP/2 POST http://ilpp/UnityILPP.PostProcessing/Ping application/grpc -
[40m[32minfo[39m[22m[49m: Microsoft.AspNetCore.Routing.EndpointMiddleware[0]
      Executing endpoint 'gRPC - /UnityILPP.PostProcessing/Ping'
[40m[32minfo[39m[22m[49m: Microsoft.AspNetCore.Routing.EndpointMiddleware[1]
      Executed endpoint 'gRPC - /UnityILPP.PostProcessing/Ping'
[40m[32minfo[39m[22m[49m: Microsoft.AspNetCore.Hosting.Diagnostics[2]
      Request finished HTTP/2 POST http://ilpp/UnityILPP.PostProcessing/Ping application/grpc - - 200 - application/grpc 42.6793ms
Starting: /Applications/Unity/Hub/Editor/6000.3.11f1/Unity.app/Contents/Resources/BuildPipeline/bee_backend --ipc --defer-dag-verification --dagfile="Library/Bee/2000b0aE.dag" --continue-on-failure --profile="Library/Bee/backend1.traceevents" ScriptAssemblies
WorkingDir: /Users/motimalka/Desktop/moti/yuvi-720/unity-learning-world
DisplayProgressbar: Compiling Scripts
ExitCode: 0 Duration: 0s328ms
[413/422    0s] Csc Library/Bee/artifacts/2000b0aE.dag/Yuvi720.LearningWorld.Editor.dll (+2 others)
[420/422    0s] CopyFiles Library/ScriptAssemblies/Yuvi720.LearningWorld.Editor.pdb
[421/422    0s] CopyFiles Library/ScriptAssemblies/Yuvi720.LearningWorld.Editor.dll
*** Tundra build success (0.31 seconds), 3 items updated, 422 evaluated
AssetDatabase: script compilation time: 0.884654s
Begin MonoManager ReloadAssembly
Total cache size 55308641
Total cache size after purge 55308641, took 00:00:00.0567608
Symbol file LoadedFromMemory is not a mono symbol file
- Loaded All Assemblies, in  0.411 seconds
Refreshing native plugins compatible for Editor in 1.11 ms, found 1 plugins.
Native extension for OSXStandalone target not found
Native extension for WebGL target not found
Refreshing native plugins compatible for Editor in 0.28 ms, found 1 plugins.
ScheduleIndexationOnStartup MainProcess:True IndexOnStartup:True
Mono: successfully reloaded assembly
- Finished resetting the current domain, in  0.973 seconds
Domain Reload Profiling: 1384ms
	BeginReloadAssembly (116ms)
		ExecutionOrderSort (0ms)
		DisableScriptedObjects (8ms)
		BackupInstance (0ms)
		ReleaseScriptingObjects (0ms)
		CreateAndSetChildDomain (37ms)
	RebuildCommonClasses (29ms)
	RebuildNativeTypeToScriptingClass (9ms)
	initialDomainReloadingComplete (16ms)
	LoadAllAssembliesAndSetupDomain (241ms)
		LoadAssemblies (182ms)
		RebuildTransferFunctionScriptingTraits (0ms)
		AnalyzeDomain (101ms)
			TypeCache.Refresh (84ms)
				TypeCache.ScanAssembly (73ms)
			BuildScriptInfoCaches (13ms)
			ResolveRequiredComponents (2ms)
	FinalizeReload (973ms)
		ReleaseScriptCaches (0ms)
		RebuildScriptCaches (0ms)
		SetupLoadedEditorAssemblies (877ms)
			LogAssemblyErrors (0ms)
			InitializePlatformSupportModulesInManaged (18ms)
			SetLoadedEditorAssemblies (3ms)
			BeforeProcessingInitializeOnLoad (87ms)
			ProcessInitializeOnLoadAttributes (720ms)
			ProcessInitializeOnLoadMethodAttributes (48ms)
			AfterProcessingInitializeOnLoad (1ms)
			EditorAssembliesLoaded (0ms)
		ExecutionOrderSort2 (0ms)
		AwakeInstancesAfterBackupRestoration (3ms)
Start importing Assets/Art/World/HighFidelity/Shaders/YW_Water.shader using Guid(639ab423bfdbb4dceb0b84cdfa5c937e) (ShaderImporter)Launching external process: /Applications/Unity/Hub/Editor/6000.3.11f1/Unity.app/Contents/Helpers/UnityShaderCompiler
Launched and connected shader compiler UnityShaderCompiler after 0.05 seconds
 -> (artifact id: '425e7afe98065c9f84070c47a0ab375d') in 0.072822167 seconds
Launching external process: /Applications/Unity/Hub/Editor/6000.3.11f1/Unity.app/Contents/Helpers/UnityShaderCompiler
Launched and connected shader compiler UnityShaderCompiler after 0.03 seconds
Launching external process: /Applications/Unity/Hub/Editor/6000.3.11f1/Unity.app/Contents/Helpers/UnityShaderCompiler
Launched and connected shader compiler UnityShaderCompiler after 0.03 seconds
Refreshing native plugins compatible for Editor in 0.22 ms, found 1 plugins.
Preloading 0 native plugins for Editor in 0.00 ms.
Asset Pipeline Refresh (id=68cf33e1f264c4f6ebe894fffe77b4c2): Total: 2.788 seconds - Initiated by InitialRefreshV2(ForceSynchronousImport)
	Summary:
		Imports: total=1 (actual=1, local cache=0, cache server=0)
		Asset DB Process Time: managed=1 ms, native=1344 ms
		Asset DB Callback time: managed=89 ms, native=41 ms
		Scripting: domain reloads=1, domain reload time=411 ms, compile time=886 ms, other=14 ms
		Project Asset Count: scripts=637, non-scripts=1941
		Asset File Changes: new=0, changed=2, moved=0, deleted=0
		Scan Filter Count: 1
	InvokeCustomDependenciesCallbacks: 0.001ms
	InvokePackagesCallback: 14.280ms
	ApplyChangesToAssetFolders: 0.158ms
	Scan: 183.944ms
	OnSourceAssetsModified: 1.416ms
	CategorizeAssetsWithTransientArtifact: 15.526ms
	ProcessAssetsWithTransientArtifactChanges: 21.915ms
	CategorizeAssets: 16.645ms
	ImportOutOfDateAssets: 1054.765ms (87.548ms without children)
		ImportManagerImport: 77.357ms (3.887ms without children)
			ImportInProcess: 73.419ms
			UpdateCategorizedAssets: 0.052ms
		CompileScripts: 885.643ms
		ReloadNativeAssets: 0.000ms
		UnloadImportedAssets: 0.962ms
		ReloadImportedAssets: 2.640ms
		EnsureUptoDateAssetsAreRegisteredWithGuidPM: 0.311ms
		InitializingProgressBar: 0.004ms
		PostProcessAllAssetNotificationsAddChangedAssets: 0.000ms
		OnDemandSchedulerStart: 0.300ms
	PostProcessAllAssets: 114.723ms
	Hotreload: 1.506ms
	GatherAllCurrentPrimaryArtifactRevisions: 0.000ms
	UnloadStreamsBegin: 0.660ms
	PersistCurrentRevisions: 0.210ms
	UnloadStreamsEnd: 0.001ms
	GenerateScriptTypeHashes: 1.220ms
	Untracked: 1362.578ms

Application.AssetDatabase Initial Refresh End
xcrun: error: unable to find utility "metal", not a developer tool or in PATH
xcrun: error: unable to find utility "metal", not a developer tool or in PATH
xcrun: error: unable to find utility "metal-objdump", not a developer tool or in PATH
xcrun: error: unable to find utility "metal-objdump", not a developer tool or in PATH
Scanning for USB devices : 0.031ms
Initializing Unity extensions:
[MODES] ModeService[none].Initialize
[MODES] ModeService[none].LoadModes
[MODES] Loading mode Default (0) for mode-current-id-Yuvilab Spark Learning World
2026-07-27 02:11:33.562 Unity[34178:7020746] NSEventModifierFlagFunction specified to -setKeyEquivalentModifierMask: for item <NSMenuItem: 0x34bdfe8c0 SDF, ke='Command-F12'>, but is only supported for system-provided menu items; will not be used
Unloading 3 Unused Serialized files (Serialized files now loaded: 0)
Unloading 2902 unused Assets / (1.6 MB). Loaded Objects now: 3511.
Memory consumption went from 137.5 MB to 135.9 MB.
Total: 9.487709 ms (FindLiveObjects: 0.186875 ms CreateObjectMapping: 0.061417 ms MarkObjects: 8.544792 ms  DeleteObjects: 0.694042 ms)

2026-07-27 02:11:33.607 Unity[34178:7020746] NSEventModifierFlagFunction specified to -setKeyEquivalentModifierMask: for item <NSMenuItem: 0x3577756f0 SDF, ke='Command-F12'>, but is only supported for system-provided menu items; will not be used
Start importing Assets/Data/World/Grounding/Themes/SO_YW_GroundTheme_Arrival.asset using Guid(52a08d8cc8c7c4bc7ad8fc56d4fef8be) (NativeFormatImporter) -> (artifact id: 'b2fb44ebc51e07507cfb94a27010387e') in 0.001424875 seconds
Start importing Assets/Data/World/Grounding/Themes/SO_YW_GroundTheme_MainlandFoundation.asset using Guid(5388f1e3769284fa9832316191f5ba89) (NativeFormatImporter) -> (artifact id: 'e2db3280bfef37adacb536097c9273e8') in 0.000729292 seconds
Start importing Assets/Data/World/Grounding/Sections/SO_YW_GroundSection_ArrivalValley.asset using Guid(84f46a4dba78e490b86885fe1a699f30) (NativeFormatImporter) -> (artifact id: '5de83e025844a90fb39b1de1d284cf2f') in 0.0005035 seconds
Start importing Assets/Data/World/Grounding/Themes/SO_YW_GroundTheme_Ravine.asset using Guid(a76f640296d8e402c89ef943da4b4dc1) (NativeFormatImporter) -> (artifact id: '67f6744b03ca3c5be28194451cb27ee4') in 0.000513125 seconds
Start importing Assets/Data/World/Grounding/Worlds/SO_YW_ProductionGrounding.asset using Guid(cad7b310baaa74d1bac37c146fa1b25b) (NativeFormatImporter) -> (artifact id: 'cfed069400da2287287cbf7a128f9ea3') in 0.000435458 seconds
Start importing Assets/Data/World/Grounding/Sections/SO_YW_GroundSection_ArchiveCourt.asset using Guid(2bbdbe01a395243abb4fb6f051eb4ec0) (NativeFormatImporter) -> (artifact id: '578fe3b3caa4ae1dcedb49cf962fed1d') in 0.00063 seconds
Start importing Assets/Data/World/Grounding/Sections/SO_YW_GroundSection_HookedRavine.asset using Guid(ace1082ffb98746b2b0ad19524aee35c) (NativeFormatImporter) -> (artifact id: 'e4fd112ea4b3f9a46c74b5fe7396b8cd') in 0.000717917 seconds
Start importing Assets/Data/World/Grounding/Themes/SO_YW_GroundTheme_Archive.asset using Guid(cc2e67fb63ed84e6ba6c589fa2c1ab95) (NativeFormatImporter) -> (artifact id: '20a76c433217c1af3a9153727f1bcd2d') in 0.000494125 seconds
Refreshing native plugins compatible for Editor in 0.13 ms, found 1 plugins.
Preloading 0 native plugins for Editor in 0.00 ms.
Asset Pipeline Refresh (id=5f0f4c7ce81074d7dbc5b38301cdfd19): Total: 0.017 seconds - Initiated by StopAssetImportingV2(NoUpdateAssetOptions)
Start importing Assets/Prefabs/World/Grounding/PF_YW_Grounding_Production_ThreeRegionMainland.prefab using Guid(b465423cbdee74103ac606b1e5040d34) (PrefabImporter) -> (artifact id: 'a66f3ce1295ef4e43cca1c5b4c420bab') in 0.006740583 seconds
Refreshing native plugins compatible for Editor in 0.22 ms, found 1 plugins.
Preloading 0 native plugins for Editor in 0.00 ms.
Asset Pipeline Refresh (id=2ea4090ec221f4d198dd20292749c50a): Total: 0.017 seconds - Initiated by StopAssetImportingV2(NoUpdateAssetOptions)
Unloading 0 Unused Serialized files (Serialized files now loaded: 0)
Unloading 429 unused Assets / (53.8 KB). Loaded Objects now: 3625.
Memory consumption went from 132.8 MB to 132.8 MB.
Total: 8.656208 ms (FindLiveObjects: 0.120083 ms CreateObjectMapping: 0.035833 ms MarkObjects: 8.375250 ms  DeleteObjects: 0.124542 ms)

Start importing Assets/Art/World/HighFidelity/Generated/Grounding/Materials/MAT_YW_Grounding_arrival-ochre-olive_lower.mat using Guid(8159a434409584fcab15d54e70a486de) (NativeFormatImporter) -> (artifact id: '36f47d717d86079657fbbf54f9fdd987') in 0.001200417 seconds
Start importing Assets/Art/World/HighFidelity/Generated/Grounding/Materials/MAT_YW_Connector_StoneTrim.mat using Guid(b15ea030cb27c455eb30eb50a79fc14b) (NativeFormatImporter) -> (artifact id: 'd2288da3559aed46ddf00049119aca77') in 0.000885917 seconds
Start importing Assets/Art/World/HighFidelity/Generated/Grounding/Materials/MAT_YW_Connector_Stone.mat using Guid(c1d4b8b2e58b449048ba7941adaa961c) (NativeFormatImporter) -> (artifact id: '2c63553d982983c4d92eab1870c72862') in 0.000606958 seconds
Start importing Assets/Art/World/HighFidelity/Generated/Grounding/Materials/MAT_YW_Grounding_mainland-slate-earth_primary.mat using Guid(c12de5892018d4488898a5d86455b6bc) (NativeFormatImporter) -> (artifact id: '699ded80d64c362a810da5643f1ca461') in 0.000651667 seconds
Start importing Assets/Art/World/HighFidelity/Generated/Grounding/Materials/MAT_YW_Grounding_ravine-teal-indigo_route.mat using Guid(83fd398ae9a8a4139b83e9f2133b722b) (NativeFormatImporter) -> (artifact id: 'ea528baf7ff2e3a3958d21e915c1e666') in 0.000674375 seconds
Start importing Assets/Art/World/HighFidelity/Generated/Grounding/Materials/MAT_YW_Connector_TimberTrim.mat using Guid(b4ec46e7defab45b8a62d45875d73bed) (NativeFormatImporter) -> (artifact id: 'def79560811cc1f73c5834d2963d707a') in 0.000486083 seconds
Start importing Assets/Art/World/HighFidelity/Generated/Grounding/Materials/MAT_YW_Grounding_ravine-teal-indigo_primary.mat using Guid(45a5b1099910b4f13ab464983cd88f38) (NativeFormatImporter) -> (artifact id: '06824613a694f40de8e6c08acd1e1f46') in 0.000771 seconds
Start importing Assets/Art/World/HighFidelity/Generated/Grounding/Materials/MAT_YW_Grounding_ravine-teal-indigo_lower.mat using Guid(453fab1e1b77e4fd79b4933fe071cc41) (NativeFormatImporter) -> (artifact id: '561fa11204227123ef992d8c2d80eda7') in 0.000685792 seconds
Start importing Assets/Art/World/HighFidelity/Generated/Grounding/Materials/MAT_YW_Grounding_ravine-teal-indigo_secondary.mat using Guid(56f25dc804254424eb5e02ce68290d09) (NativeFormatImporter) -> (artifact id: '623995eed36d2abc8cdf3595064a51f7') in 0.000517125 seconds
Start importing Assets/Art/World/HighFidelity/Generated/Grounding/Materials/MAT_YW_Grounding_archive-terracotta-stone_primary.mat using Guid(d60a34202f78f4933b3f4b4fab3b756e) (NativeFormatImporter) -> (artifact id: '79706ea07dc65220bf66dd5687f2297e') in 0.00057525 seconds
Start importing Assets/Art/World/HighFidelity/Generated/Grounding/Materials/MAT_YW_Grounding_arrival-ochre-olive_cliff.mat using Guid(48df348e9b2704ce7b01432228997caa) (NativeFormatImporter) -> (artifact id: '083bfe2841e2c10fce4eacec7f1c96bf') in 0.000642917 seconds
Start importing Assets/Art/World/HighFidelity/Generated/Grounding/Materials/MAT_YW_Grounding_Water.mat using Guid(b8437f2d2316d40afb4d894650a3f273) (NativeFormatImporter) -> (artifact id: '8d5030c5ca382c73139c625bd45cc4bb') in 0.000450916 seconds
Start importing Assets/Art/World/HighFidelity/Generated/Grounding/Materials/MAT_YW_Grounding_arrival-ochre-olive_primary.mat using Guid(492c2b5f58ab74102ada976638b63c4b) (NativeFormatImporter) -> (artifact id: '58da026bcc9f6904a3a50120064ca352') in 0.000422333 seconds
Start importing Assets/Art/World/HighFidelity/Generated/Grounding/Materials/MAT_YW_Grounding_archive-terracotta-stone_route.mat using Guid(d930e7a8e726a47b99b21cb1a5625ca2) (NativeFormatImporter) -> (artifact id: '291c8dea7654e4a078422b730cd4db9d') in 0.000341667 seconds
Start importing Assets/Art/World/HighFidelity/Generated/Grounding/Materials/MAT_YW_Grounding_arrival-ochre-olive_secondary.mat using Guid(d9450f0f4329241b98c60ba64d79a3f7) (NativeFormatImporter) -> (artifact id: 'fc1da686d5b9a07faf14f329f5a6efc5') in 0.000414166 seconds
Start importing Assets/Art/World/HighFidelity/Generated/Grounding/Materials/MAT_YW_Grounding_archive-terracotta-stone_cliff.mat using Guid(0bd88e3947d634e269a50b9a7212eff9) (NativeFormatImporter) -> (artifact id: '1fa528348d4ff52a99679cb573335286') in 0.000865167 seconds
Start importing Assets/Art/World/HighFidelity/Generated/Grounding/Materials/MAT_YW_Grounding_archive-terracotta-stone_lower.mat using Guid(fb7aa76df6b2643bc870b88ce1783a54) (NativeFormatImporter) -> (artifact id: 'f7761040611721ee600792deedb275dc') in 0.00059325 seconds
Start importing Assets/Art/World/HighFidelity/Generated/Grounding/Materials/MAT_YW_Grounding_arrival-ochre-olive_route.mat using Guid(1c06839443aaf4f49bd6d02e4cf3a155) (NativeFormatImporter) -> (artifact id: '37ea37ace35178060ab13eaf891449c1') in 0.000699375 seconds
Start importing Assets/Art/World/HighFidelity/Generated/Grounding/Materials/MAT_YW_Grounding_ravine-teal-indigo_cliff.mat using Guid(ac0ed99ce2d9d4567b803407ccf881fd) (NativeFormatImporter) -> (artifact id: 'e822e2c65e8721c10cede855260ad666') in 0.000507292 seconds
Start importing Assets/Art/World/HighFidelity/Generated/Grounding/Materials/MAT_YW_Grounding_mainland-slate-earth_cliff.mat using Guid(fdfa267518e2d4e3c8659e5e8fdc0f22) (NativeFormatImporter) -> (artifact id: 'aa4e0b347397b92d08dcc4eef5b5ccf6') in 0.000684166 seconds
Start importing Assets/Art/World/HighFidelity/Generated/Grounding/Materials/MAT_YW_Connector_Timber.mat using Guid(ce59fbcf217514233a39b85a25f1af68) (NativeFormatImporter) -> (artifact id: '73ece749cc4bc96d26f67ff91b3b6232') in 0.000651584 seconds
Start importing Assets/Art/World/HighFidelity/Generated/Grounding/Materials/MAT_YW_Grounding_archive-terracotta-stone_secondary.mat using Guid(5ffaf7091d24342018b096e6f5b1eefc) (NativeFormatImporter) -> (artifact id: 'b5144392e43c8050007b5139254ddbae') in 0.000529625 seconds
Start importing Assets/Art/World/HighFidelity/Generated/Grounding/Meshes/MESH_YW_Conn_behind-ridge-return_Walk.asset using Guid(0088e5ac0e90e4e4ba738f8451648452) (NativeFormatImporter) -> (artifact id: 'a043418d10242dfe32667bb12b43a768') in 0.000682875 seconds
Start importing Assets/Art/World/HighFidelity/Generated/Grounding/Meshes/MESH_YW_Production_mainland_continuous-mainland-stratum_Lip.asset using Guid(1026e43f8a266433d9972e171d3e153f) (NativeFormatImporter) -> (artifact id: 'de79bc36847f37dde57e99be9fb4bcf4') in 0.000744917 seconds
Start importing Assets/Art/World/HighFidelity/Generated/Grounding/Meshes/MESH_YW_Production_archive-court_hooked-court-deck_Top.asset using Guid(40f93b48a8d264c37a321676cfe3f9c1) (NativeFormatImporter) -> (artifact id: 'ba8209f98d7044894ed4de6de4db6d15') in 0.000630958 seconds
Start importing Assets/Art/World/HighFidelity/Generated/Grounding/Meshes/MESH_YW_Production_arrival-valley_rear-overlook-bluff_Lip.asset using Guid(804d649593c394e07884c4c2b604364a) (NativeFormatImporter) -> (artifact id: '3fed89d53135583006d0fcb1f0051c8e') in 0.000563625 seconds
Start importing Assets/Art/World/HighFidelity/Generated/Grounding/Meshes/MESH_YW_Production_hooked-ravine_deep-ravine-floor_Lip.asset using Guid(80ae98f94a9264bfa944e80fd5eae5ab) (NativeFormatImporter) -> (artifact id: 'b63ebfab44aa08da0a75c3061af0cf32') in 0.000620417 seconds
Start importing Assets/Art/World/HighFidelity/Generated/Grounding/Meshes/MESH_YW_Conn_court-stairs-down_Trim.asset using Guid(a043708a10d1242318e9a87c5fff1841) (NativeFormatImporter) -> (artifact id: 'f78677dc7bd589b82b1b685fa7214c52') in 0.000618292 seconds
Start importing Assets/Art/World/HighFidelity/Generated/Grounding/Textures/TEX_YW_Grass.asset using Guid(d050c44a46a2648afb683f895adde042) (NativeFormatImporter)Main Object Name '' does not match filename 'TEX_YW_Grass'
UnityEngine.Debug:ExtractStackTraceNoAlloc (byte*,int,string)
UnityEngine.StackTraceUtility:ExtractStackTrace () (at /Users/bokken/build/output/unity/unity/Runtime/Export/Scripting/StackTrace.cs:35)
UnityEditor.SceneManagement.EditorSceneManager:SaveSceneInternal (UnityEngine.SceneManagement.Scene,string,bool)
UnityEditor.SceneManagement.EditorSceneManager:SaveScene (UnityEngine.SceneManagement.Scene,string,bool) (at /Users/bokken/build/output/unity/unity/Editor/Mono/EditorSceneManager.cs:95)
UnityEditor.SceneManagement.EditorSceneManager:SaveScene (UnityEngine.SceneManagement.Scene,string) (at /Users/bokken/build/output/unity/unity/Editor/Mono/EditorSceneManager.cs:78)
Yuvi720.LearningWorld.Editor.Grounding.ProductionGroundingWorldBuilder:BuildReviewScene () (at Assets/Scripts/World/Editor/Grounding/ProductionGroundingWorldBuilder.cs:452)
Yuvi720.LearningWorld.Editor.Grounding.ProductionGroundingWorldBuilder:BuildProductionGroundingWorld () (at Assets/Scripts/World/Editor/Grounding/ProductionGroundingWorldBuilder.cs:45)
Yuvi720.LearningWorld.Editor.Grounding.ArrivalProductionBuilder:BuildDressedArrival () (at Assets/Scripts/World/Editor/Grounding/ArrivalProductionBuilder.cs:31)
Yuvi720.LearningWorld.Editor.Grounding.ArrivalProductionBuilder:RebuildAndCapture () (at Assets/Scripts/World/Editor/Grounding/ArrivalProductionBuilder.cs:210)

[Assets/Scripts/World/Editor/Grounding/ProductionGroundingWorldBuilder.cs line 452]

 -> (artifact id: '8f3f955cdb7feb5aaddb2aeb0ff51891') in 0.003371541 seconds
Start importing Assets/Art/World/HighFidelity/Generated/Grounding/Meshes/MESH_YW_Conn_gallery-return-slope_Walk.asset using Guid(11d70202866934761b5731dc8e8f608f) (NativeFormatImporter) -> (artifact id: '3c25422c1340d7ab3e0b748be086dcd9') in 0.001007709 seconds
Start importing Assets/Art/World/HighFidelity/Generated/Grounding/Meshes/MESH_YW_Production_arrival-valley_rear-overlook-bluff_Walk.asset using Guid(31de6cfc9b5e44fa0a0e4a677507cb57) (NativeFormatImporter) -> (artifact id: '9c4c9c9b97b46c465ae8afe6353961c6') in 0.000939958 seconds
Start importing Assets/Art/World/HighFidelity/Generated/Grounding/Meshes/MESH_YW_Conn_switchback-lower-leg_Trim.asset using Guid(31ffa2173c5194e4591430b0487f6ba6) (NativeFormatImporter) -> (artifact id: 'd82a8eddf4f1b331e6d78d3b8be77d39') in 0.000951333 seconds
Start importing Assets/Art/World/HighFidelity/Generated/Grounding/Meshes/MESH_YW_Conn_pond-descent_Stone.asset using Guid(8173c91390d56403db9caee2bd9264c4) (NativeFormatImporter) -> (artifact id: '7835bc136ba9216101f9bf17132988c4') in 0.000672667 seconds
Start importing Assets/Art/World/HighFidelity/Generated/Grounding/Meshes/MESH_YW_Conn_switchback-lower-leg_Stone.asset using Guid(e12796cc7e9e948bbaea9fc97f32c4ed) (NativeFormatImporter) -> (artifact id: 'eb39f429442153c81da907288e62937b') in 0.000358541 seconds
Start importing Assets/Art/World/HighFidelity/Generated/Grounding/Meshes/MESH_YW_Conn_ravine-embedded-crossing_Timber.asset using Guid(42957e26e69a042c6ad9a04734d2b1d8) (NativeFormatImporter) -> (artifact id: '1dac8286feaef74498772f52701cf79f') in 0.000978166 seconds
Start importing Assets/Art/World/HighFidelity/Generated/Grounding/Meshes/MESH_YW_Production_archive-court_lower-archive-court_Boundary.asset using Guid(529652fc16ae147da8ec35f8ad661d30) (NativeFormatImporter) -> (artifact id: '2bf1dfa2b6f7ee9519f9f69721adec14') in 0.000773417 seconds
Start importing Assets/Art/World/HighFidelity/Generated/Grounding/Meshes/MESH_YW_Conn_archive-to-ravine-rise_Stone.asset using Guid(6299c05687bcf446f85498cca708ffcf) (NativeFormatImporter) -> (artifact id: '827b4a501f0962591b6e11f8e78912df') in 0.000643709 seconds
Start importing Assets/Art/World/HighFidelity/Generated/Grounding/Meshes/MESH_YW_Conn_ravine-embedded-crossing_Walk.asset using Guid(62ff537bc2d6b41d89638342c00ae2a6) (NativeFormatImporter) -> (artifact id: '7141fecf0cd51f1f24ce19a61266bfc1') in 0.000706167 seconds
Start importing Assets/Art/World/HighFidelity/Generated/Grounding/Meshes/MESH_YW_Production_arrival-valley_broad-valley-plaza_Boundary.asset using Guid(b2134fc5d36c340fbb0183e1978de0d8) (NativeFormatImporter) -> (artifact id: 'ab718dcb47b0c51eee629def84a20f16') in 0.001096708 seconds
Start importing Assets/Art/World/HighFidelity/Generated/Grounding/Meshes/MESH_YW_Conn_pond-descent_Walk.asset using Guid(b2b6df704db9f4109879b1fe4d0978a6) (NativeFormatImporter) -> (artifact id: '317813d0eb2d912f2c9e2911740ad4ea') in 0.000735792 seconds
Start importing Assets/Art/World/HighFidelity/Generated/Grounding/Meshes/MESH_YW_Conn_switchback-upper-leg_Stone.asset using Guid(d2540b1f77ef44248be49c281e818e96) (NativeFormatImporter) -> (artifact id: 'b163ed934ffa8de23efb05745b273c74') in 0.000629625 seconds
Start importing Assets/Art/World/HighFidelity/Generated/Grounding/Meshes/MESH_YW_Conn_upper-shelf-stairs_Walk.asset using Guid(0376dd00f39054efcaa63e696875c741) (NativeFormatImporter) -> (artifact id: 'd3f4371e6bf97e4cbe09233c4f2b2abd') in 0.0007065 seconds
Start importing Assets/Art/World/HighFidelity/Generated/Grounding/Meshes/MESH_YW_Production_hooked-ravine_western-ravine-bank_Walk.asset using Guid(03a749e194ce6419dadd54e27bda6591) (NativeFormatImporter) -> (artifact id: '2bd87f49bef95cd710e698b4313f4d1c') in 0.000677333 seconds
Start importing Assets/Art/World/HighFidelity/Generated/Grounding/Meshes/MESH_YW_Production_hooked-ravine_crooked-upper-shelf_Walk.asset using Guid(43320481463ee4bb280c9e6fc5ee5726) (NativeFormatImporter) -> (artifact id: '7c57759469cd227956df8ade2ac021aa') in 0.000514875 seconds
Start importing Assets/Art/World/HighFidelity/Generated/Grounding/Meshes/MESH_YW_Production_archive-court_hooked-court-deck_Walk.asset using Guid(53da9166d0d60423da8d1aebc31f7c7b) (NativeFormatImporter) -> (artifact id: 'f8d6a6d54fee1a92eb3a198ccacb9105') in 0.000516375 seconds
Start importing Assets/Art/World/HighFidelity/Generated/Grounding/Meshes/MESH_YW_Conn_ravine-embedded-crossing_Rail.asset using Guid(7376349e1348d40119e31d0e0f451ba3) (NativeFormatImporter) -> (artifact id: 'abe5367a8f5c2c71e754c08f4e18fe3d') in 0.000491792 seconds
Start importing Assets/Art/World/HighFidelity/Generated/Grounding/Meshes/MESH_YW_Conn_overlook-rise_Walk.asset using Guid(d3688b0e2ec0445ba9227aafd9e25891) (NativeFormatImporter) -> (artifact id: '9dd1d1b81016641c8ae9cd35734b43f8') in 0.0003755 seconds
Start importing Assets/Art/World/HighFidelity/Generated/Grounding/Meshes/MESH_YW_Conn_river-crossing_Timber.asset using Guid(e3e79a2562d774f669b8a93f62f7bcb8) (NativeFormatImporter) -> (artifact id: 'd49c9ed81d8765c7658f65c34f8b881c') in 0.000525292 seconds
Start importing Assets/Art/World/HighFidelity/Generated/Grounding/Meshes/MESH_YW_Production_archive-court_lower-archive-court_Lip.asset using Guid(249b735ff64ea4d0a88a765b32931dd0) (NativeFormatImporter) -> (artifact id: '72aad7ddb751c77f6a127520c959b9dd') in 0.000844125 seconds
Start importing Assets/Art/World/HighFidelity/Generated/Grounding/Meshes/MESH_YW_Production_hooked-ravine_deep-ravine-floor_Top.asset using Guid(547f2e38b470c45bd99111f3dc042fe8) (NativeFormatImporter) -> (artifact id: 'c303ade952d16ae4ac46ec5adc755dcc') in 0.00080775 seconds
Start importing Assets/Art/World/HighFidelity/Generated/Grounding/Meshes/MESH_YW_Production_hooked-ravine_crooked-upper-shelf_Top.asset using Guid(d4c3d84a93ac34de8a80b5cc6ea47d7b) (NativeFormatImporter) -> (artifact id: 'bd8ee0947a36fdb3f3eae17b03ecdeaf') in 0.0008695 seconds
Start importing Assets/Art/World/HighFidelity/Generated/Grounding/Meshes/MESH_YW_Conn_court-stairs-down_Stone.asset using Guid(15c21a9f1e4054ac7a4008cb571ff250) (NativeFormatImporter) -> (artifact id: '7615d17ce84eb3d00f17a5ebbbed5a98') in 0.00099025 seconds
Start importing Assets/Art/World/HighFidelity/Generated/Grounding/Meshes/MESH_YW_Conn_switchback-upper-leg_Walk.asset using Guid(155f54f42632b49a586e3e20d79e2f60) (NativeFormatImporter) -> (artifact id: 'caeea4ad37f52a004b89f7a234599ee0') in 0.000475625 seconds
Start importing Assets/Art/World/HighFidelity/Generated/Grounding/Meshes/MESH_YW_Production_archive-court_partial-upper-gallery_Top.asset using Guid(356e5a6f5316c47a88a68823a0c4e0bc) (NativeFormatImporter) -> (artifact id: '1d8f94a971d1f3681d46a5d27e40b361') in 0.000736875 seconds
Start importing Assets/Art/World/HighFidelity/Generated/Grounding/Meshes/MESH_YW_Conn_switchback-upper-leg_Trim.asset using Guid(956668d01460b463ba2dc177257e4a55) (NativeFormatImporter) -> (artifact id: 'b71de46cfbd58a2f2909aaf4bc6848ee') in 0.000732 seconds
Start importing Assets/Art/World/HighFidelity/Generated/Grounding/Meshes/MESH_YW_Production_hooked-ravine_eastern-hooked-ridge_Lip.asset using Guid(06cd33ac8b8884494aecb40ecf708fc8) (NativeFormatImporter) -> (artifact id: 'cf70f63925c5fa496757f4bf44403dfd') in 0.000766375 seconds
Start importing Assets/Art/World/HighFidelity/Generated/Grounding/Meshes/MESH_YW_Conn_gallery-return-slope_Stone.asset using Guid(167aa7a7bd8234299ade0734042b9cc0) (NativeFormatImporter) -> (artifact id: 'a47ffdc72d4aefc28e35dd79f75338f2') in 0.000674583 seconds
Start importing Assets/Art/World/HighFidelity/Generated/Grounding/Meshes/MESH_YW_Conn_overlook-rise_Trim.asset using Guid(56e20604ec27c493eb13a10f647b5d1b) (NativeFormatImporter) -> (artifact id: '7165599f4e9f20d0550b0cb072ee9998') in 0.000477833 seconds
Start importing Assets/Art/World/HighFidelity/Generated/Grounding/Meshes/MESH_YW_Conn_gallery-long-rise_Stone.asset using Guid(769603d8d135b4cb7b6a76d9f0b1cc01) (NativeFormatImporter) -> (artifact id: 'dbbd4db3fa45716da9efa1618aaae99c') in 0.00063825 seconds
Start importing Assets/Art/World/HighFidelity/Generated/Grounding/Meshes/MESH_YW_Production_archive-court_lower-archive-court_Top.asset using Guid(8691445f11cca404cb750180318bf3b7) (NativeFormatImporter) -> (artifact id: 'd1cc37e62f114a7704a774a4aa9acf01') in 0.000538917 seconds
Start importing Assets/Art/World/HighFidelity/Generated/Grounding/Meshes/MESH_YW_Production_arrival-valley_rear-overlook-bluff_Boundary.asset using Guid(86f4d6eec45ac4a09a60d006fa758f99) (NativeFormatImporter) -> (artifact id: 'e053e896065cf0687aba8f03bd216708') in 0.000777375 seconds
Start importing Assets/Art/World/HighFidelity/Generated/Grounding/Meshes/MESH_YW_Production_archive-court_partial-upper-gallery_Walk.asset using Guid(b691f6b19334b4c5faca533e82db93e9) (NativeFormatImporter) -> (artifact id: 'e19abb68156109d2d901d7bbc95f1f14') in 0.000815125 seconds
Start importing Assets/Art/World/HighFidelity/Generated/Grounding/Meshes/MESH_YW_Conn_behind-ridge-return_Trim.asset using Guid(e61098aa8b07b466f80e0e13c41c1fc9) (NativeFormatImporter) -> (artifact id: '48e4f190990fd787fd420738c644a6bf') in 0.00071325 seconds
Start importing Assets/Art/World/HighFidelity/Generated/Grounding/Meshes/MESH_YW_Production_arrival-valley_broad-valley-plaza_Walk.asset using Guid(f6df94bbd050840ec80e5cbd4d98e694) (NativeFormatImporter) -> (artifact id: 'c7c1e0888dd86b44e1f9e1f9c0a8eefb') in 0.000641042 seconds
Start importing Assets/Art/World/HighFidelity/Generated/Grounding/Meshes/MESH_YW_Conn_river-crossing_Rail.asset using Guid(276b158f6386a433783f02068b60467e) (NativeFormatImporter) -> (artifact id: 'd22258745918c02be6b4e91a7b718525') in 0.00053075 seconds
Start importing Assets/Art/World/HighFidelity/Generated/Grounding/Meshes/MESH_YW_Conn_switchback-lower-leg_Walk.asset using Guid(579e4c4c694824c8f86003913f9d5f84) (NativeFormatImporter) -> (artifact id: 'e19a5e3616c33fbbda983ab705935af2') in 0.000457666 seconds
Start importing Assets/Art/World/HighFidelity/Generated/Grounding/Meshes/MESH_YW_Production_mainland_continuous-mainland-stratum_Boundary.asset using Guid(6778dcec446954142a931225acaacd2c) (NativeFormatImporter) -> (artifact id: '63c6438a966e7f585ad973fcfd185a65') in 0.000614458 seconds
Start importing Assets/Art/World/HighFidelity/Generated/Grounding/Meshes/MESH_YW_Production_hooked-ravine_eastern-hooked-ridge_Top.asset using Guid(97a3faf98b2ea45639661889afaf8f55) (NativeFormatImporter) -> (artifact id: '67e21015f044dc352e27e22b50df24c9') in 0.000476708 seconds
Start importing Assets/Art/World/HighFidelity/Generated/Grounding/Meshes/MESH_YW_Production_arrival-valley_sunken-reflection-basin_Boundary.asset using Guid(1825a472a428f40449169b3aeaea2a6c) (NativeFormatImporter) -> (artifact id: '3e5581968ff4d0170442680bb1ccc33c') in 0.000483666 seconds
Start importing Assets/Art/World/HighFidelity/Generated/Grounding/Meshes/MESH_YW_Production_mainland_continuous-mainland-stratum_Top.asset using Guid(28e39b86a7c8548e4b895b57f3f66174) (NativeFormatImporter) -> (artifact id: '358edeb2a4ad1663529b698b8529bc9b') in 0.000541208 seconds
Start importing Assets/Art/World/HighFidelity/Generated/Grounding/Meshes/MESH_YW_Production_archive-court_hooked-court-deck_Lip.asset using Guid(485b35887ddd54b2b94eec590bd6ac6d) (NativeFormatImporter) -> (artifact id: '9adeee406386701223cbb07bc5da97e3') in 0.0006385 seconds
Start importing Assets/Art/World/HighFidelity/Generated/Grounding/Meshes/MESH_YW_Production_arrival-valley_rear-overlook-bluff_Top.asset using Guid(68d28df3a56164fd292ecb2a392ec54c) (NativeFormatImporter) -> (artifact id: '1d0aa25ba4f39711c3d460a8c870fad8') in 0.000447583 seconds
Start importing Assets/Art/World/HighFidelity/Generated/Grounding/Meshes/MESH_YW_Conn_behind-ridge-return_Stone.asset using Guid(7872d8049a6aa43d4afa2ddf1859697b) (NativeFormatImporter) -> (artifact id: 'ba57e3744471e5c4f865735b58cfdbc6') in 0.00056425 seconds
Start importing Assets/Art/World/HighFidelity/Generated/Grounding/Meshes/MESH_YW_Conn_court-stairs-down_Walk.asset using Guid(09fa1fb6fbb414489b6ce0a53d7e0498) (NativeFormatImporter) -> (artifact id: '1936c022ecafacb7b6df4318cb670f7f') in 0.000405333 seconds
Start importing Assets/Art/World/HighFidelity/Generated/Grounding/Meshes/MESH_YW_Conn_arrival-to-archive-neck_Trim.asset using Guid(09ee8e925839341d88ee61ded7263822) (NativeFormatImporter) -> (artifact id: 'e33507930947685f7f288f3fdb095b8e') in 0.001773375 seconds
Start importing Assets/Art/World/HighFidelity/Generated/Grounding/Meshes/MESH_YW_Production_arrival-valley_sunken-reflection-basin_Top.asset using Guid(390c5b1b974184eae9c6bcbb4f2a17e6) (NativeFormatImporter) -> (artifact id: '64344790124244ba6b1fb63381fbd476') in 0.000970292 seconds
Start importing Assets/Art/World/HighFidelity/Generated/Grounding/Meshes/MESH_YW_Conn_gallery-return-slope_Trim.asset using Guid(d911a6959792e4e17acfc0c1e1080f86) (NativeFormatImporter) -> (artifact id: '6f876661189d8e3a8d923783e0d989e1') in 0.000800917 seconds
Start importing Assets/Art/World/HighFidelity/Generated/Grounding/Meshes/MESH_YW_Conn_archive-to-ravine-rise_Walk.asset using Guid(f931405c46d494a32863f4ea5524d6e6) (NativeFormatImporter) -> (artifact id: '0d268052477bc88a6463af0b0bfde30e') in 0.000745292 seconds
Start importing Assets/Art/World/HighFidelity/Generated/Grounding/Meshes/MESH_YW_Production_hooked-ravine_deep-ravine-floor_Boundary.asset using Guid(1a51054d288a841fc93b6128fa5c21f9) (NativeFormatImporter) -> (artifact id: 'df5e80e04bdae72c93bebf4dd7861e9f') in 0.000730542 seconds
Start importing Assets/Art/World/HighFidelity/Generated/Grounding/Meshes/MESH_YW_Production_hooked-ravine_eastern-hooked-ridge_Walk.asset using Guid(6abfac242d24f4daeb0963fed131ec55) (NativeFormatImporter) -> (artifact id: '0af4b8c32125d4d5cdc7ee5698e80db1') in 0.000692292 seconds
Start importing Assets/Art/World/HighFidelity/Generated/Grounding/Meshes/MESH_YW_Production_arrival-valley_sunken-reflection-basin_Walk.asset using Guid(bad3417cac4644fd2b71e4e93ad65447) (NativeFormatImporter) -> (artifact id: '3732684d48f85ece97ebf56a0c6159a6') in 0.00064825 seconds
Start importing Assets/Art/World/HighFidelity/Generated/Grounding/Meshes/MESH_YW_Production_arrival-valley_sunken-reflection-basin_Lip.asset using Guid(ca92892bc1fa34000bcc0ed96c5196ce) (NativeFormatImporter) -> (artifact id: '57e087391785e1c6e855bc622eb625c8') in 0.000666583 seconds
Start importing Assets/Art/World/HighFidelity/Generated/Grounding/Meshes/MESH_YW_Production_archive-court_lower-archive-court_Walk.asset using Guid(5b82075c1fe0d419994fd6ea3717e0b4) (NativeFormatImporter) -> (artifact id: 'c99d2ca2e6aedabf1e482426d1ec16c7') in 0.000565542 seconds
Start importing Assets/Art/World/HighFidelity/Generated/Grounding/Meshes/MESH_YW_Production_hooked-ravine_deep-ravine-floor_Walk.asset using Guid(0cd1d1164487047ef85b932d1a60b644) (NativeFormatImporter) -> (artifact id: '5a28f92927750955c151eb0b90038c2b') in 0.000437125 seconds
Start importing Assets/Art/World/HighFidelity/Generated/Grounding/Meshes/MESH_YW_Conn_arrival-to-archive-neck_Stone.asset using Guid(1c2bfa61faec14ffc807e7452fb94ddf) (NativeFormatImporter) -> (artifact id: '4b4088e5cddd91b7bf09c703a3daceb4') in 0.000635417 seconds
Start importing Assets/Art/World/HighFidelity/Generated/Grounding/Meshes/MESH_YW_Production_archive-court_partial-upper-gallery_Boundary.asset using Guid(3cad6d07d5f4a4f56abf2bd8ec9bbd41) (NativeFormatImporter) -> (artifact id: '588c59eba1bfbfcbd5fd29263a008a82') in 0.000860875 seconds
Start importing Assets/Art/World/HighFidelity/Generated/Grounding/Meshes/MESH_YW_Conn_gallery-long-rise_Trim.asset using Guid(5c94d7397c6b548918932eabbf35c8dc) (NativeFormatImporter) -> (artifact id: '636624991d8caade70a76bf04241de5a') in 0.000939208 seconds
Start importing Assets/Art/World/HighFidelity/Generated/Grounding/Meshes/MESH_YW_Conn_pond-descent_Trim.asset using Guid(5cdcefac0766942c0b4d017047c4ea57) (NativeFormatImporter) -> (artifact id: '99a85848431e915c60c7b05fc19aeab6') in 0.000552459 seconds
Start importing Assets/Art/World/HighFidelity/Generated/Grounding/Meshes/MESH_YW_Production_archive-court_hooked-court-deck_Boundary.asset using Guid(9cce479b5b7294c078d935523a57bcfb) (NativeFormatImporter) -> (artifact id: '7933103e8d7209e112b829ef8964899d') in 0.000652875 seconds
Start importing Assets/Art/World/HighFidelity/Generated/Grounding/Meshes/MESH_YW_Production_archive-court_partial-upper-gallery_Lip.asset using Guid(dc4f52a0d3d474d3ea34234fc248d727) (NativeFormatImporter) -> (artifact id: '2829911aaaf88ded2bd39c5179c9a277') in 0.000564333 seconds
Start importing Assets/Art/World/HighFidelity/Generated/Grounding/Meshes/MESH_YW_Production_hooked-ravine_crooked-upper-shelf_Lip.asset using Guid(2d29763df106a4c7a9a1bf29de0c8f76) (NativeFormatImporter) -> (artifact id: '7cf30bfa8d27f893fe4ba4ed1b478d73') in 0.000447125 seconds
Start importing Assets/Art/World/HighFidelity/Generated/Grounding/Meshes/MESH_YW_Production_WaterPlane.asset using Guid(4d740fbfa016244e1a313a7e0ed3515a) (NativeFormatImporter) -> (artifact id: '773a6295e17e9370cec47ed7aca9e764') in 0.00041125 seconds
Start importing Assets/Art/World/HighFidelity/Generated/Grounding/Meshes/MESH_YW_Conn_upper-shelf-stairs_Stone.asset using Guid(7dffdaafc3e3f47cc9f53cf1d860b466) (NativeFormatImporter) -> (artifact id: 'e984cb5398c3e56feff06bfd58b97dbc') in 0.00054975 seconds
Start importing Assets/Art/World/HighFidelity/Generated/Grounding/Meshes/MESH_YW_Production_arrival-valley_broad-valley-plaza_Top.asset using Guid(8de604fb848a44f2aa57080a9c662259) (NativeFormatImporter) -> (artifact id: '9de80ee8562de3b66d5fe600eeac3ad1') in 0.000489458 seconds
Start importing Assets/Art/World/HighFidelity/Generated/Grounding/Meshes/MESH_YW_Production_hooked-ravine_crooked-upper-shelf_Boundary.asset using Guid(dd5ee1b4982e648ee8df1805ab3daa2d) (NativeFormatImporter) -> (artifact id: '624551f4fe53694cd462c39e03133258') in 0.000669959 seconds
Start importing Assets/Art/World/HighFidelity/Generated/Grounding/Meshes/MESH_YW_Production_hooked-ravine_western-ravine-bank_Lip.asset using Guid(1e91a7da442ee439398896cf8a2b05af) (NativeFormatImporter) -> (artifact id: 'f7a3c3646403e0e96067219f05e2849c') in 0.000754 seconds
Start importing Assets/Art/World/HighFidelity/Generated/Grounding/Meshes/MESH_YW_Production_hooked-ravine_eastern-hooked-ridge_Boundary.asset using Guid(1e79e85f1a90340d7aa5ff10e11baea7) (NativeFormatImporter) -> (artifact id: '553983383a1382c56cc0960cb373f5a6') in 0.000849834 seconds
Start importing Assets/Art/World/HighFidelity/Generated/Grounding/Meshes/MESH_YW_Conn_overlook-rise_Stone.asset using Guid(6e4f369dd597b420c9ee9c777c678981) (NativeFormatImporter) -> (artifact id: 'ac1c4e9ba3ec5bdc464842fc39b22032') in 0.000670333 seconds
Start importing Assets/Art/World/HighFidelity/Generated/Grounding/Meshes/MESH_YW_Conn_archive-to-ravine-rise_Trim.asset using Guid(9e36018d3972446ddac86bb0fdf9da23) (NativeFormatImporter) -> (artifact id: 'bb793896679003c868125a43dd90f25b') in 0.00088825 seconds
Start importing Assets/Art/World/HighFidelity/Generated/Grounding/Meshes/MESH_YW_Conn_upper-shelf-stairs_Trim.asset using Guid(ae5082dfa6a514131bbcb68e61f3bf42) (NativeFormatImporter) -> (artifact id: 'a7035a50d9aa43c8d17397bff91a38b2') in 0.000535042 seconds
Start importing Assets/Art/World/HighFidelity/Generated/Grounding/Meshes/MESH_YW_Conn_gallery-long-rise_Walk.asset using Guid(ee347c97d5fdf422982ea3845fcdfa82) (NativeFormatImporter) -> (artifact id: 'f60f7c4bde14b02f21e3b80ef577b2cd') in 0.000381833 seconds
Start importing Assets/Art/World/HighFidelity/Generated/Grounding/Meshes/MESH_YW_Production_hooked-ravine_western-ravine-bank_Boundary.asset using Guid(feccbf928f742428894716dbc84121ce) (NativeFormatImporter) -> (artifact id: '35d3e1268fe5348b59e9bb770224b8ba') in 0.000621709 seconds
Start importing Assets/Art/World/HighFidelity/Generated/Grounding/Meshes/MESH_YW_Production_arrival-valley_broad-valley-plaza_Lip.asset using Guid(5f63e5bb868d2488097cefa22dcb6f56) (NativeFormatImporter) -> (artifact id: 'ec2ac5b025935f3687ee1ebc4328dc06') in 0.000456583 seconds
Start importing Assets/Art/World/HighFidelity/Generated/Grounding/Meshes/MESH_YW_Conn_arrival-to-archive-neck_Walk.asset using Guid(5fc9a31c5daba4e7698e423f7e79d4f6) (NativeFormatImporter) -> (artifact id: 'b3809992874f1f530266f9e11978168d') in 0.000477708 seconds
Start importing Assets/Art/World/HighFidelity/Generated/Grounding/Meshes/MESH_YW_Production_hooked-ravine_western-ravine-bank_Top.asset using Guid(cf6ff0b0f23ec4c07ac4686cc1cb7e5f) (NativeFormatImporter) -> (artifact id: 'e5f467654f92f069bcf9bd46d9b4749a') in 0.000485334 seconds
Start importing Assets/Art/World/HighFidelity/Generated/Grounding/Meshes/MESH_YW_Conn_river-crossing_Walk.asset using Guid(efb0fca239ddd4d49932e60819af1243) (NativeFormatImporter) -> (artifact id: '07b5c2f09dc84194bf1a3d0a4bfb472b') in 0.00038425 seconds
Refreshing native plugins compatible for Editor in 0.18 ms, found 1 plugins.
Preloading 0 native plugins for Editor in 0.00 ms.
Asset Pipeline Refresh (id=119bb45e1dba84ede8c77fb73c57661d): Total: 0.112 seconds - Initiated by StopAssetImportingV2(NoUpdateAssetOptions)
Start importing Assets/Scenes/ArtReview/Grounding/SCN_YW_Grounding_Production_MacroBlockout.unity using Guid(2816fe18dd281405983692ff1ba09052) (DefaultImporter) -> (artifact id: 'bc665ef396e16dc43bff3374752a9384') in 0.00070025 seconds
Refreshing native plugins compatible for Editor in 0.20 ms, found 1 plugins.
Preloading 0 native plugins for Editor in 0.00 ms.
Asset Pipeline Refresh (id=815426dfab25047a0acd02890de8909a): Total: 0.008 seconds - Initiated by StopAssetImportingV2(NoUpdateAssetOptions)
Asset Pipeline Refresh (id=6cdac2e5fdd324d1889922cf5bdc8401): Total: 0.047 seconds - Initiated by RefreshV2(NoUpdateAssetOptions)
✅ Authored production grounding built: valley bowl + side shelf, split-level hooked court, and deep hooked ravine. Estimated triangles: 3496. No landmarks, props, atmosphere, React, or WebGL output added.
UnityEngine.Debug:ExtractStackTraceNoAlloc (byte*,int,string)
UnityEngine.StackTraceUtility:ExtractStackTrace () (at /Users/bokken/build/output/unity/unity/Runtime/Export/Scripting/StackTrace.cs:35)
UnityEngine.DebugLogHandler:Internal_Log (UnityEngine.LogType,UnityEngine.LogOption,string,UnityEngine.Object)
UnityEngine.DebugLogHandler:LogFormat (UnityEngine.LogType,UnityEngine.Object,string,object[])
UnityEngine.Logger:Log (UnityEngine.LogType,object)
UnityEngine.Debug:Log (object)
Yuvi720.LearningWorld.Editor.Grounding.ProductionGroundingWorldBuilder:BuildProductionGroundingWorld () (at Assets/Scripts/World/Editor/Grounding/ProductionGroundingWorldBuilder.cs:51)
Yuvi720.LearningWorld.Editor.Grounding.ArrivalProductionBuilder:BuildDressedArrival () (at Assets/Scripts/World/Editor/Grounding/ArrivalProductionBuilder.cs:31)
Yuvi720.LearningWorld.Editor.Grounding.ArrivalProductionBuilder:RebuildAndCapture () (at Assets/Scripts/World/Editor/Grounding/ArrivalProductionBuilder.cs:210)

(Filename: Assets/Scripts/World/Editor/Grounding/ProductionGroundingWorldBuilder.cs Line: 51)

Unloading 9 Unused Serialized files (Serialized files now loaded: 0)
Unloading 533 unused Assets / (283.4 KB). Loaded Objects now: 3520.
Memory consumption went from 133.5 MB to 133.2 MB.
Total: 9.056834 ms (FindLiveObjects: 0.078708 ms CreateObjectMapping: 0.037167 ms MarkObjects: 8.602791 ms  DeleteObjects: 0.337750 ms)

Arrival ground: grass kept flat theme-green; 2 cliffs → layered sandstone.
UnityEngine.Debug:ExtractStackTraceNoAlloc (byte*,int,string)
UnityEngine.StackTraceUtility:ExtractStackTrace () (at /Users/bokken/build/output/unity/unity/Runtime/Export/Scripting/StackTrace.cs:35)
UnityEngine.DebugLogHandler:Internal_Log (UnityEngine.LogType,UnityEngine.LogOption,string,UnityEngine.Object)
UnityEngine.DebugLogHandler:LogFormat (UnityEngine.LogType,UnityEngine.Object,string,object[])
UnityEngine.Logger:Log (UnityEngine.LogType,object)
UnityEngine.Debug:Log (object)
Yuvi720.LearningWorld.Editor.Grounding.ArrivalProductionBuilder:RetextureArrivalGround (UnityEngine.GameObject) (at Assets/Scripts/World/Editor/Grounding/ArrivalProductionBuilder.cs:904)
Yuvi720.LearningWorld.Editor.Grounding.ArrivalProductionBuilder:BuildDressedArrival () (at Assets/Scripts/World/Editor/Grounding/ArrivalProductionBuilder.cs:48)
Yuvi720.LearningWorld.Editor.Grounding.ArrivalProductionBuilder:RebuildAndCapture () (at Assets/Scripts/World/Editor/Grounding/ArrivalProductionBuilder.cs:210)

(Filename: Assets/Scripts/World/Editor/Grounding/ArrivalProductionBuilder.cs Line: 904)

Start importing Assets/Art/World/HighFidelity/Generated/Grounding/Materials/MAT_YW_Tex_StoneTP_C2AD8F.mat using Guid(0093bea8f94ba43398d78d7d4f60300b) (NativeFormatImporter) -> (artifact id: '59acd5ae92946f6fc584a334a9c91216') in 0.00176625 seconds
Start importing Assets/Art/World/HighFidelity/Generated/Grounding/Materials/MAT_YW_Tex_Masonry_B6AA93.mat using Guid(506dbab8465594ea4932186dfa5aca59) (NativeFormatImporter) -> (artifact id: 'ecd2823d7d356f34f7e9c5372feebac3') in 0.000788167 seconds
Start importing Assets/Art/World/HighFidelity/Generated/Grounding/Materials/MAT_YW_Dressing_MetalDark.mat using Guid(80963e670d5ea421d8886049eab2b57c) (NativeFormatImporter) -> (artifact id: '650b63ac0c9a6fa9bfb09b0220e70c07') in 0.000666333 seconds
Start importing Assets/Art/World/HighFidelity/Generated/Grounding/Materials/MAT_YW_Dressing_Foliage_PineDeep.mat using Guid(0198ff09cfe564b138826ff206def722) (NativeFormatImporter) -> (artifact id: '825f567be3edeaa21340ce7cdd439317') in 0.000543917 seconds
Start importing Assets/Art/World/HighFidelity/Generated/Grounding/Materials/MAT_YW_Dressing_Foliage_LeafDeep.mat using Guid(110410089e58646939ebffc26707636c) (NativeFormatImporter) -> (artifact id: '239ccb6948ca7f8872c5b0ea203a3196') in 0.000479666 seconds
Start importing Assets/Art/World/HighFidelity/Generated/Grounding/Materials/MAT_YW_Tex_Stucco_E8DFC6.mat using Guid(11dfd7672171144f7b325b6dcea8de86) (NativeFormatImporter) -> (artifact id: 'f93f2e815b3888a62f852149d0acbbc0') in 0.00079125 seconds
Start importing Assets/Art/World/HighFidelity/Generated/Grounding/Materials/MAT_YW_Dressing_LeafDeep.mat using Guid(71c3a076be1e6490a9f87dad0ac67718) (NativeFormatImporter) -> (artifact id: '0069061683bda43b1137eaad8dac667c') in 0.000790917 seconds
Start importing Assets/Art/World/HighFidelity/Generated/Grounding/Materials/MAT_YW_Dressing_Foliage_Undergrowth.mat using Guid(71dead589f8374bc4b6450c8c17d8213) (NativeFormatImporter) -> (artifact id: '7d0ee013d7206b2780c7acd6fa93ccd5') in 0.000808292 seconds
Start importing Assets/Art/World/HighFidelity/Generated/Grounding/Materials/MAT_YW_Dressing_Shutter1.mat using Guid(a129336c5f3cd4ccca67b16b7f12f912) (NativeFormatImporter) -> (artifact id: 'bfb7b7ec7d3ab84daf89edc9cc5942c0') in 0.000676625 seconds
Start importing Assets/Art/World/HighFidelity/Generated/Grounding/Materials/MAT_YW_Tex_Asphalt_C7BFB2.mat using Guid(527beb5ca89ab44afbc8b474695f5bae) (NativeFormatImporter) -> (artifact id: '3ec81e962beb31a7cd0fdc9138cae439') in 0.001104625 seconds
Start importing Assets/Art/World/HighFidelity/Generated/Grounding/Materials/MAT_YW_Dressing_Ocean.mat using Guid(621fcc117c898479da98d87cdcfab369) (NativeFormatImporter) -> (artifact id: 'c8223fd0ce1c156980fac05b3562ec2f') in 0.0007055 seconds
Start importing Assets/Art/World/HighFidelity/Generated/Grounding/Materials/MAT_YW_Dressing_Foliage_LeafGold.mat using Guid(828d81524bba4409c8a21d392329db7d) (NativeFormatImporter) -> (artifact id: 'f27768e3d0ca12038a0388d005f648df') in 0.000710291 seconds
Start importing Assets/Art/World/HighFidelity/Generated/Grounding/Materials/MAT_YW_Dressing_MetalTrim.mat using Guid(92ba3dec04f114ed9a96e0ba36714407) (NativeFormatImporter) -> (artifact id: '3d5de8840f1eba143e15804e2222fa80') in 0.000628667 seconds
Start importing Assets/Art/World/HighFidelity/Generated/Grounding/Materials/MAT_YW_Dressing_YuviCyanTip.mat using Guid(c221804a231dd42bfbe9390dc3962bd8) (NativeFormatImporter) -> (artifact id: '80e07803634e470cf241c22495247ade') in 0.000657958 seconds
Start importing Assets/Art/World/HighFidelity/Generated/Grounding/Materials/MAT_YW_Dressing_YuviWhite.mat using Guid(e2fefe422bd374bdabbff5a7f4f9ffec) (NativeFormatImporter) -> (artifact id: 'dea9e817e2d3409d23dd5f25362964c7') in 0.000550792 seconds
Start importing Assets/Art/World/HighFidelity/Generated/Grounding/Materials/MAT_YW_Tex_Brick_9C4536.mat using Guid(733a6c83dd45344809d4a3f55d1b528c) (NativeFormatImporter) -> (artifact id: 'a2f963a213099d7a5a6d9b0c2c7e0e70') in 0.000520667 seconds
Start importing Assets/Art/World/HighFidelity/Generated/Grounding/Materials/MAT_YW_Tex_Concrete_B8B5AD.mat using Guid(731b1e690fc474cd7bf2ba42c447c39c) (NativeFormatImporter) -> (artifact id: '1b342ec1a0b85a611ff3c1892ba87196') in 0.000606375 seconds
Start importing Assets/Art/World/HighFidelity/Generated/Grounding/Materials/MAT_YW_Tex_ClayTile_B3684A.mat using Guid(a3a9d21dc5f994532ba8d7ab5ed9ec07) (NativeFormatImporter) -> (artifact id: '65a121b81e37338392e96ca7b3aa3b44') in 0.000529584 seconds
Start importing Assets/Art/World/HighFidelity/Generated/Grounding/Materials/MAT_YW_Dressing_Shutter2.mat using Guid(c3128df6632e24a5d9d66961b22a7cd1) (NativeFormatImporter) -> (artifact id: 'a2740ddf0eff066001037e950efb2051') in 0.000737792 seconds
Start importing Assets/Art/World/HighFidelity/Generated/Grounding/Materials/MAT_YW_Dressing_WaterPale.mat using Guid(84df53ea0c1f84a74880bbd7bca5ae09) (NativeFormatImporter) -> (artifact id: '28f2ab30d8af719406c93f03fac0d8d8') in 0.000970417 seconds
Start importing Assets/Art/World/HighFidelity/Generated/Grounding/Materials/MAT_YW_Tex_Sand_5C4F40.mat using Guid(a48b37e3471154b738a169a81f9a8aac) (NativeFormatImporter) -> (artifact id: '2bdf9f430e16d838c0615a1cba3ae78f') in 0.000525541 seconds
Start importing Assets/Art/World/HighFidelity/Generated/Grounding/Materials/MAT_YW_Tex_Stucco_D9E0E4.mat using Guid(d485d16edaa8447969edc57b7412e103) (NativeFormatImporter) -> (artifact id: '30dc28e2f2d3e33c3e370f6fd6edd602') in 0.000934208 seconds
Start importing Assets/Art/World/HighFidelity/Generated/Grounding/Materials/MAT_YW_Dressing_Balloon5.mat using Guid(e48147ff208a94a9093945a4815d217d) (NativeFormatImporter) -> (artifact id: 'b239847e439052536d64d68d51fe95c5') in 0.000697042 seconds
Start importing Assets/Art/World/HighFidelity/Generated/Grounding/Materials/MAT_YW_Tex_Concrete_C9C0AD.mat using Guid(e4491ff3ecd4649cbbd9ed2ff75e17cf) (NativeFormatImporter) -> (artifact id: 'bd78b97c2bb4603072bffc1c257e621f') in 0.0004855 seconds
Start importing Assets/Art/World/HighFidelity/Generated/Grounding/Materials/MAT_YW_Dressing_GlassDay.mat using Guid(051b1012d53594e9da7d46858ce848e3) (NativeFormatImporter) -> (artifact id: '85139c04054654b6188324b157d1b809') in 0.00065375 seconds
Start importing Assets/Art/World/HighFidelity/Generated/Grounding/Materials/MAT_YW_Dressing_RiverBed.mat using Guid(051c0eb4849f74972bf389dcd5848932) (NativeFormatImporter) -> (artifact id: '569e04f668a462c8c6d5e81499eccb31') in 0.000633916 seconds
Start importing Assets/Art/World/HighFidelity/Generated/Grounding/Materials/MAT_YW_Dressing_SerpentPupil.mat using Guid(25e8cf1ac8b49468398624dbdf162941) (NativeFormatImporter) -> (artifact id: '4897ad591cc721eef7fbd218415230d7') in 0.000491209 seconds
Start importing Assets/Art/World/HighFidelity/Generated/Grounding/Materials/MAT_YW_Dressing_YuviJoint.mat using Guid(75926e01b388b4b97be60f242f447ca6) (NativeFormatImporter) -> (artifact id: '2478b1bf0c8a124132e14f9c66b7f7a8') in 0.000562417 seconds
Start importing Assets/Art/World/HighFidelity/Generated/Grounding/Materials/MAT_YW_Dressing_River.mat using Guid(85b339671030f4787a1610785cfeeaad) (NativeFormatImporter) -> (artifact id: '2e113551356b2c990d8826474294a3cb') in 0.000662125 seconds
Start importing Assets/Art/World/HighFidelity/Generated/Grounding/Materials/MAT_YW_Dressing_FountainWater.mat using Guid(95c269933b95a4fa7aca74280b664286) (NativeFormatImporter) -> (artifact id: '1bfb825d6975c7c9a9ec1f0cfad7b653') in 0.000431833 seconds
Start importing Assets/Art/World/HighFidelity/Generated/Grounding/Materials/MAT_YW_Tex_Masonry_D3CCBE.mat using Guid(d56a41f3b3e0141f189d5a2477c7c5a3) (NativeFormatImporter) -> (artifact id: '5a21c7a9e11b91d353655ae62aefdd08') in 0.000635333 seconds
Start importing Assets/Art/World/HighFidelity/Generated/Grounding/Materials/MAT_YW_Dressing_YuviFace.mat using Guid(461719ca9bb994f72aa01129f599912b) (NativeFormatImporter) -> (artifact id: '45fa069cba48ddae6d793a6e007ae903') in 0.000594834 seconds
Start importing Assets/Art/World/HighFidelity/Generated/Grounding/Materials/MAT_YW_Tex_Paving_DBD9D1.mat using Guid(46db6e49d6d454a229cca91201f9b7d3) (NativeFormatImporter) -> (artifact id: '59a201a9e8fffe086db5cf9d074c3414') in 0.000630834 seconds
Start importing Assets/Art/World/HighFidelity/Generated/Grounding/Materials/MAT_YW_Dressing_Balloon3.mat using Guid(a68cfcd0c88c142348cff22a372b33fe) (NativeFormatImporter) -> (artifact id: '87875e772418d1e330d31b922a7f39c4') in 0.000953125 seconds
Start importing Assets/Art/World/HighFidelity/Generated/Grounding/Materials/MAT_YW_Tex_Sand_B2AD9E.mat using Guid(b642b580d4d98495795987bc899e069a) (NativeFormatImporter) -> (artifact id: '615ed245ca847783c35c50c3cbb6fba6') in 0.000563584 seconds
Start importing Assets/Art/World/HighFidelity/Generated/Grounding/Materials/MAT_YW_Tex_StoneTP_C4D0DE.mat using Guid(e651f0160814842679a2e2e4afbb8d1b) (NativeFormatImporter) -> (artifact id: '9a52df155011c05944cb61572576ded7') in 0.000552875 seconds
Start importing Assets/Art/World/HighFidelity/Generated/Grounding/Materials/MAT_YW_Tex_Plank_9A7B55.mat using Guid(87ac50bc4554c47d1a6aa17a1b0c809f) (NativeFormatImporter) -> (artifact id: '3eda3b977d1ca38d96aa9f3af5926e59') in 0.000667 seconds
Start importing Assets/Art/World/HighFidelity/Generated/Grounding/Materials/MAT_YW_Dressing_Shutter0.mat using Guid(a74791e54aeb64858904b78b75ed0fed) (NativeFormatImporter) -> (artifact id: '7459a06fd97e733f3e55707ca3ec84f2') in 0.000451458 seconds
Start importing Assets/Art/World/HighFidelity/Generated/Grounding/Materials/MAT_YW_Dressing_YuviCyan.mat using Guid(2859e8fdf7f01430aabbe13cfab2c1a4) (NativeFormatImporter) -> (artifact id: 'db62929597c0ddc150680a51c3a5c3db') in 0.000616042 seconds
Start importing Assets/Art/World/HighFidelity/Generated/Grounding/Materials/MAT_YW_Tex_WaterSheet_2E8FA0.mat using Guid(780134e5c62354b3d98373ee2658b66b) (NativeFormatImporter) -> (artifact id: '4b0ba307c25c8fd71ac9bd98290efa6f') in 0.000840625 seconds
Start importing Assets/Art/World/HighFidelity/Generated/Grounding/Materials/MAT_YW_Dressing_FlowerRose.mat using Guid(785745b8f1bb541928698e8f0c78b816) (NativeFormatImporter) -> (artifact id: '1f6c065f74b1c19d6723c50a26f2d406') in 0.000507083 seconds
Start importing Assets/Art/World/HighFidelity/Generated/Grounding/Materials/MAT_YW_Tex_Plank_8A6A46.mat using Guid(88500ad25812b407bab1e7273299e76a) (NativeFormatImporter) -> (artifact id: '5abf85b718d770288d4cd59f4eda1a16') in 0.000754459 seconds
Start importing Assets/Art/World/HighFidelity/Generated/Grounding/Materials/MAT_YW_Tex_Plank_6E5334.mat using Guid(c8c6bfab8e25146058783c341b02731f) (NativeFormatImporter) -> (artifact id: 'e2b341bfb163725e3319c1748c31bd90') in 0.000707542 seconds
Start importing Assets/Art/World/HighFidelity/Generated/Grounding/Materials/MAT_YW_Dressing_FlowerWarm.mat using Guid(39fdbc7a931e54fcbbf53e2cb618f57d) (NativeFormatImporter) -> (artifact id: 'a3d3726bcf997845c1d4ad28e68341dd') in 0.000794583 seconds
Start importing Assets/Art/World/HighFidelity/Generated/Grounding/Materials/MAT_YW_Dressing_FlowerPale.mat using Guid(4925d8b536ecb46c59387521b56c8851) (NativeFormatImporter) -> (artifact id: 'a02063afcf8248e6967771b6c6f9dc42') in 0.000512833 seconds
Start importing Assets/Art/World/HighFidelity/Generated/Grounding/Materials/MAT_YW_Dressing_Balloon2.mat using Guid(69a55666679ab48509e7c76924ab92d0) (NativeFormatImporter) -> (artifact id: '458fe42a4d29bf1f626fe45d4909d33e') in 0.0012115 seconds
Start importing Assets/Art/World/HighFidelity/Generated/Grounding/Materials/MAT_YW_Dressing_Balloon1.mat using Guid(79f0c4b20b531413783a857cec4402fc) (NativeFormatImporter) -> (artifact id: '85e3f01e1c04ba1ad58a3488f66ee553') in 0.000605916 seconds
Start importing Assets/Art/World/HighFidelity/Generated/Grounding/Materials/MAT_YW_Tex_Bark_5B4A38.mat using Guid(895c1ed462e9e4d19859bf15e42fdd1f) (NativeFormatImporter) -> (artifact id: '5b47cbeecb3f1281ca4b5d03a9f58626') in 0.000643083 seconds
Start importing Assets/Art/World/HighFidelity/Generated/Grounding/Materials/MAT_YW_Dressing_StoneWhite.mat using Guid(6a05fa5ea951b4e498a4c42fd406251e) (NativeFormatImporter) -> (artifact id: 'ddee1ecdc6599663d01cdcf6b0323ce1') in 0.000602125 seconds
Start importing Assets/Art/World/HighFidelity/Generated/Grounding/Materials/MAT_YW_Tex_Bark_6E5C46.mat using Guid(8a3accb04455f4182b7b0d21ac383b43) (NativeFormatImporter) -> (artifact id: 'ca1cb7fd28cffafeac806da0714b6ba2') in 0.00047425 seconds
Start importing Assets/Art/World/HighFidelity/Generated/Grounding/Materials/MAT_YW_Dressing_RoofRed.mat using Guid(1b6f78eadb6ae4056b658c7733f16d14) (NativeFormatImporter) -> (artifact id: 'f63fd7ae762d5811b4e1b1e794961f31') in 0.000433041 seconds
Start importing Assets/Art/World/HighFidelity/Generated/Grounding/Materials/MAT_YW_Tex_ClayTile_8A6E52.mat using Guid(2be7a7d8f97c94dd0ad27e90485c4030) (NativeFormatImporter) -> (artifact id: 'd72b7e050f7d3e7bbe3810e97303bbdd') in 0.000498833 seconds
Start importing Assets/Art/World/HighFidelity/Generated/Grounding/Materials/MAT_YW_Tex_ClayTile_A8564A.mat using Guid(6bf9d9f8a47584a25a4026023293f7d3) (NativeFormatImporter) -> (artifact id: '5c13eecda13d0e313633f5858f2b30e0') in 0.000479875 seconds
Start importing Assets/Art/World/HighFidelity/Generated/Grounding/Materials/MAT_YW_Dressing_Balloon4.mat using Guid(8be03dcbddd86436b93d94500c186e8a) (NativeFormatImporter) -> (artifact id: 'a810bf2f7cdda6831e869bf676a08a06') in 0.000506334 seconds
Start importing Assets/Art/World/HighFidelity/Generated/Grounding/Materials/MAT_YW_Dressing_WindowFrame.mat using Guid(ab15bff16c28f4d69a57b0e377e302fd) (NativeFormatImporter) -> (artifact id: '6527f59a335ccd89cf1115d5bfab1c26') in 0.000697792 seconds
Start importing Assets/Art/World/HighFidelity/Generated/Grounding/Materials/MAT_YW_Dressing_AwningRed.mat using Guid(db832cda82ace462399530739f2a95fd) (NativeFormatImporter) -> (artifact id: '73b3f4666b0a879895009d0880a540b7') in 0.000547833 seconds
Start importing Assets/Art/World/HighFidelity/Generated/Grounding/Materials/MAT_YW_Dressing_SerpentBody.mat using Guid(dbdd89a176ba1426db0438e033a56466) (NativeFormatImporter) -> (artifact id: 'fd9f8f5537b9b6e47070c4fb04f8b0aa') in 0.000495541 seconds
Start importing Assets/Art/World/HighFidelity/Generated/Grounding/Materials/MAT_YW_Tex_ClayTile_8F5546.mat using Guid(4c0963f57fdc54b24b5b20f470818a27) (NativeFormatImporter) -> (artifact id: '220f51aed33c7cab30157a761782999e') in 0.000645166 seconds
Start importing Assets/Art/World/HighFidelity/Generated/Grounding/Materials/MAT_YW_Dressing_Balloon6.mat using Guid(8c25aa7114dc240e3bc85d54e44a29ff) (NativeFormatImporter) -> (artifact id: '6c07215a9326d835dc6773091af5a25a') in 0.000429125 seconds
Start importing Assets/Art/World/HighFidelity/Generated/Grounding/Materials/MAT_YW_Tex_Concrete_9C9A94.mat using Guid(9cff3172d78014fbaa165a89d72ebcea) (NativeFormatImporter) -> (artifact id: 'df537557953df7eb031fd987d5d4c8d3') in 0.000502291 seconds
Start importing Assets/Art/World/HighFidelity/Generated/Grounding/Materials/MAT_YW_Dressing_LeafLight.mat using Guid(ac26c13ea21f54c80b4bc9ce9a214aef) (NativeFormatImporter) -> (artifact id: '4afadb2877a4a05734fb5ada4fa62b49') in 0.000335333 seconds
Start importing Assets/Art/World/HighFidelity/Generated/Grounding/Materials/MAT_YW_Tex_Concrete_C4C1BA.mat using Guid(ccb0c3ca5ae284875b95c4bcb75c223b) (NativeFormatImporter) -> (artifact id: '523d855d2afbe12b9e63e653c7fba32e') in 0.000512292 seconds
Start importing Assets/Art/World/HighFidelity/Generated/Grounding/Materials/MAT_YW_Dressing_Balloon0.mat using Guid(ecfeb1b0448664ec2956d6bdc47eb03b) (NativeFormatImporter) -> (artifact id: '4c4b555ede997d841a585a3c3dbad317') in 0.000459334 seconds
Start importing Assets/Art/World/HighFidelity/Generated/Grounding/Materials/MAT_YW_Tex_ClayTile_93A0A8.mat using Guid(fc719fffae3de496c8f64fd4e00f64af) (NativeFormatImporter) -> (artifact id: '28f3b90a2d569fbf07df8a5af390130b') in 0.000506417 seconds
Start importing Assets/Art/World/HighFidelity/Generated/Grounding/Materials/MAT_YW_Dressing_LeafCool.mat using Guid(fcbfa4882f6114366925db0ab442a1cd) (NativeFormatImporter) -> (artifact id: 'a43ed276b5603bf7418d07953388ab78') in 0.000318416 seconds
Start importing Assets/Art/World/HighFidelity/Generated/Grounding/Materials/MAT_YW_Dressing_YuviBody.mat using Guid(2d92f79d3917344fdb6c70b703e957d1) (NativeFormatImporter) -> (artifact id: '5ced19a29d3524328a49caea2593374f') in 0.000446125 seconds
Start importing Assets/Art/World/HighFidelity/Generated/Grounding/Materials/MAT_YW_Tex_Brick_CBC2AE.mat using Guid(2dd9a27dc1ebf4909b3e3468c2d4e090) (NativeFormatImporter) -> (artifact id: '7f25bedc5cb900143ac65dd462d81702') in 0.00049025 seconds
Start importing Assets/Art/World/HighFidelity/Generated/Grounding/Materials/MAT_YW_Dressing_WarmGlow.mat using Guid(4d27d73811e8c4ecba6881051037bc73) (NativeFormatImporter) -> (artifact id: '5f864e87bb5559c85ef3ae797df9d44a') in 0.00044525 seconds
Start importing Assets/Art/World/HighFidelity/Generated/Grounding/Materials/MAT_YW_Tex_StoneTP_B9C7D8.mat using Guid(9d6ec011e933b4bd2bb424023a4cfdfd) (NativeFormatImporter) -> (artifact id: '72fc7cdb73a0e77cd9ad6d4dfe096cdd') in 0.000664084 seconds
Start importing Assets/Art/World/HighFidelity/Generated/Grounding/Materials/MAT_YW_Dressing_RockDark.mat using Guid(cd7a49b0789aa4c3582c0d4c9ef90769) (NativeFormatImporter) -> (artifact id: '93ddb79cd0f56d6db5d0edbb2da05079') in 0.000524959 seconds
Start importing Assets/Art/World/HighFidelity/Generated/Grounding/Materials/MAT_YW_Sky_Daylight.mat using Guid(ddc986f1d88ca43309a9d71c714cc87e) (NativeFormatImporter) -> (artifact id: 'b142bc0a2c3821f09f6b2be09c5d2fc5') in 0.000801167 seconds
Start importing Assets/Art/World/HighFidelity/Generated/Grounding/Materials/MAT_YW_Dressing_Foliage_PineMid.mat using Guid(2e4f51c0a491248b59b53439ac328b04) (NativeFormatImporter) -> (artifact id: '6816041087209aa4011461a63ffcce7a') in 0.000425958 seconds
Start importing Assets/Art/World/HighFidelity/Generated/Grounding/Materials/MAT_YW_Dressing_SkyCloud.mat using Guid(5eb5a4155d1cf4da1ad5a9fc8a484267) (NativeFormatImporter) -> (artifact id: '3086fff3ca451e44ac15edd98b2a46b1') in 0.000680791 seconds
Start importing Assets/Art/World/HighFidelity/Generated/Grounding/Materials/MAT_YW_Tex_Timber.mat using Guid(5e9e67ca07dc04ed9b8120122c69d7fd) (NativeFormatImporter) -> (artifact id: 'c253395cbf2d46d3c1bd79a1129cfbfd') in 0.0004805 seconds
Start importing Assets/Art/World/HighFidelity/Generated/Grounding/Materials/MAT_YW_Tex_Concrete_EFE8DA.mat using Guid(7e52fdb2ef0754bf2918ebe535a88690) (NativeFormatImporter) -> (artifact id: 'c7ba2c63bc82d8acf54c0887c10a3763') in 0.000632625 seconds
Start importing Assets/Art/World/HighFidelity/Generated/Grounding/Materials/MAT_YW_Dressing_DoorWood.mat using Guid(8e4323a7c7af041c880d7ab89ad51134) (NativeFormatImporter) -> (artifact id: '3bb749769e756f0590479d9c60587336') in 0.00042025 seconds
Start importing Assets/Art/World/HighFidelity/Generated/Grounding/Materials/MAT_YW_Tex_Concrete_D3C9B4.mat using Guid(8e1416247f3e74a9798ddf4ab52498c2) (NativeFormatImporter) -> (artifact id: 'c8e40f188d9d235851c64f2ea58154fb') in 0.000491583 seconds
Start importing Assets/Art/World/HighFidelity/Generated/Grounding/Materials/MAT_YW_Dressing_AwningCream.mat using Guid(8e9846920b4e04d4d980548e4445fa3d) (NativeFormatImporter) -> (artifact id: '07e756f0ec763e8b8b190ce738155c04') in 0.000504292 seconds
Start importing Assets/Art/World/HighFidelity/Generated/Grounding/Materials/MAT_YW_Dressing_MetalWarmGrey.mat using Guid(ceb8c5afac20645f8b15eaf1829ef033) (NativeFormatImporter) -> (artifact id: '1e7a5195e34033dcbba385bce33981a2') in 0.000405875 seconds
Start importing Assets/Art/World/HighFidelity/Generated/Grounding/Materials/MAT_YW_Tex_Plaster.mat using Guid(0f6bc35be9a604bd89b8f2fee8139adf) (NativeFormatImporter) -> (artifact id: '569f1dc689ca78584554d2e7a261af2f') in 0.000455542 seconds
Start importing Assets/Art/World/HighFidelity/Generated/Grounding/Materials/MAT_YW_Dressing_Gold.mat using Guid(3f3157a55deb146829e93687bb1c4c16) (NativeFormatImporter) -> (artifact id: '406e1e410070462ce34cd568d4aed39a') in 0.000413834 seconds
Start importing Assets/Art/World/HighFidelity/Generated/Grounding/Materials/MAT_YW_Dressing_Foliage_LeafCool.mat using Guid(3f047df1307dd4e59ad069b5f570d5c2) (NativeFormatImporter) -> (artifact id: 'fd121222b7ed547e9f34cfa4940bcc68') in 0.000396333 seconds
Start importing Assets/Art/World/HighFidelity/Generated/Grounding/Materials/MAT_YW_Dressing_SerpentEye.mat using Guid(4fc747f2e8f3c444295df6dc1c9ade3b) (NativeFormatImporter) -> (artifact id: 'c853603b8d5fb849c1e53df53c8829fa') in 0.0004485 seconds
Start importing Assets/Art/World/HighFidelity/Generated/Grounding/Materials/MAT_YW_Tex_Sand_574A3D.mat using Guid(6f0cbe33cc77048fd8a31de3b30a4f38) (NativeFormatImporter) -> (artifact id: '2e7437568548ea7bb1d9f78c7350331a') in 0.00052475 seconds
Start importing Assets/Art/World/HighFidelity/Generated/Grounding/Materials/MAT_YW_Tex_ClayTile_B07A4C.mat using Guid(efc5347b76ac344aab89fa097e9db181) (NativeFormatImporter) -> (artifact id: '8f33c4cda82cff70a81f9c09638ae6f4') in 0.000541084 seconds
Start importing Assets/Art/World/HighFidelity/Generated/Grounding/Materials/MAT_YW_Dressing_Foliage_LeafLight.mat using Guid(ef6f8f2de9f0c4de1b887d4cecc4b2a5) (NativeFormatImporter) -> (artifact id: '03a1916260dd35471c500b56b791cbe2') in 0.000379792 seconds
Start importing Assets/Art/World/HighFidelity/Generated/Grounding/Textures/TEX_YW_Bark_N.asset using Guid(705d5d48e40494779a8b96d32f1c24a4) (NativeFormatImporter)Main Object Name '' does not match filename 'TEX_YW_Bark_N'
UnityEngine.Debug:ExtractStackTraceNoAlloc (byte*,int,string)
UnityEngine.StackTraceUtility:ExtractStackTrace () (at /Users/bokken/build/output/unity/unity/Runtime/Export/Scripting/StackTrace.cs:35)
UnityEditor.SceneManagement.EditorSceneManager:SaveSceneInternal (UnityEngine.SceneManagement.Scene,string,bool)
UnityEditor.SceneManagement.EditorSceneManager:SaveScene (UnityEngine.SceneManagement.Scene,string,bool) (at /Users/bokken/build/output/unity/unity/Editor/Mono/EditorSceneManager.cs:95)
UnityEditor.SceneManagement.EditorSceneManager:SaveScene (UnityEngine.SceneManagement.Scene,string) (at /Users/bokken/build/output/unity/unity/Editor/Mono/EditorSceneManager.cs:78)
Yuvi720.LearningWorld.Editor.Grounding.ArrivalProductionBuilder:BuildDressedArrival () (at Assets/Scripts/World/Editor/Grounding/ArrivalProductionBuilder.cs:79)
Yuvi720.LearningWorld.Editor.Grounding.ArrivalProductionBuilder:RebuildAndCapture () (at Assets/Scripts/World/Editor/Grounding/ArrivalProductionBuilder.cs:210)

[Assets/Scripts/World/Editor/Grounding/ArrivalProductionBuilder.cs line 79]

 -> (artifact id: 'c2a55b3fa825b924a2d7ea6072091108') in 0.002158917 seconds
Start importing Assets/Art/World/HighFidelity/Generated/Grounding/Textures/TEX_YW_Plank_N.asset using Guid(e1e787de15161416fa69346d89511dce) (NativeFormatImporter)Main Object Name '' does not match filename 'TEX_YW_Plank_N'
UnityEngine.Debug:ExtractStackTraceNoAlloc (byte*,int,string)
UnityEngine.StackTraceUtility:ExtractStackTrace () (at /Users/bokken/build/output/unity/unity/Runtime/Export/Scripting/StackTrace.cs:35)
UnityEditor.SceneManagement.EditorSceneManager:SaveSceneInternal (UnityEngine.SceneManagement.Scene,string,bool)
UnityEditor.SceneManagement.EditorSceneManager:SaveScene (UnityEngine.SceneManagement.Scene,string,bool) (at /Users/bokken/build/output/unity/unity/Editor/Mono/EditorSceneManager.cs:95)
UnityEditor.SceneManagement.EditorSceneManager:SaveScene (UnityEngine.SceneManagement.Scene,string) (at /Users/bokken/build/output/unity/unity/Editor/Mono/EditorSceneManager.cs:78)
Yuvi720.LearningWorld.Editor.Grounding.ArrivalProductionBuilder:BuildDressedArrival () (at Assets/Scripts/World/Editor/Grounding/ArrivalProductionBuilder.cs:79)
Yuvi720.LearningWorld.Editor.Grounding.ArrivalProductionBuilder:RebuildAndCapture () (at Assets/Scripts/World/Editor/Grounding/ArrivalProductionBuilder.cs:210)

[Assets/Scripts/World/Editor/Grounding/ArrivalProductionBuilder.cs line 79]

 -> (artifact id: '097f9b5cd3f608a80b643046fbec9803') in 0.002287875 seconds
Start importing Assets/Art/World/HighFidelity/Generated/Grounding/Textures/TEX_YW_Sand_N.asset using Guid(0252a5a63ed494c19994d6a4eda001d6) (NativeFormatImporter)Main Object Name '' does not match filename 'TEX_YW_Sand_N'
UnityEngine.Debug:ExtractStackTraceNoAlloc (byte*,int,string)
UnityEngine.StackTraceUtility:ExtractStackTrace () (at /Users/bokken/build/output/unity/unity/Runtime/Export/Scripting/StackTrace.cs:35)
UnityEditor.SceneManagement.EditorSceneManager:SaveSceneInternal (UnityEngine.SceneManagement.Scene,string,bool)
UnityEditor.SceneManagement.EditorSceneManager:SaveScene (UnityEngine.SceneManagement.Scene,string,bool) (at /Users/bokken/build/output/unity/unity/Editor/Mono/EditorSceneManager.cs:95)
UnityEditor.SceneManagement.EditorSceneManager:SaveScene (UnityEngine.SceneManagement.Scene,string) (at /Users/bokken/build/output/unity/unity/Editor/Mono/EditorSceneManager.cs:78)
Yuvi720.LearningWorld.Editor.Grounding.ArrivalProductionBuilder:BuildDressedArrival () (at Assets/Scripts/World/Editor/Grounding/ArrivalProductionBuilder.cs:79)
Yuvi720.LearningWorld.Editor.Grounding.ArrivalProductionBuilder:RebuildAndCapture () (at Assets/Scripts/World/Editor/Grounding/ArrivalProductionBuilder.cs:210)

[Assets/Scripts/World/Editor/Grounding/ArrivalProductionBuilder.cs line 79]

 -> (artifact id: 'b6032e996d963d75d22066f0f18a0151') in 0.0021805 seconds
Start importing Assets/Art/World/HighFidelity/Generated/Grounding/Textures/TEX_YW_Plank.asset using Guid(524690e9e881544138376a074dd1197b) (NativeFormatImporter)Main Object Name '' does not match filename 'TEX_YW_Plank'
UnityEngine.Debug:ExtractStackTraceNoAlloc (byte*,int,string)
UnityEngine.StackTraceUtility:ExtractStackTrace () (at /Users/bokken/build/output/unity/unity/Runtime/Export/Scripting/StackTrace.cs:35)
UnityEditor.SceneManagement.EditorSceneManager:SaveSceneInternal (UnityEngine.SceneManagement.Scene,string,bool)
UnityEditor.SceneManagement.EditorSceneManager:SaveScene (UnityEngine.SceneManagement.Scene,string,bool) (at /Users/bokken/build/output/unity/unity/Editor/Mono/EditorSceneManager.cs:95)
UnityEditor.SceneManagement.EditorSceneManager:SaveScene (UnityEngine.SceneManagement.Scene,string) (at /Users/bokken/build/output/unity/unity/Editor/Mono/EditorSceneManager.cs:78)
Yuvi720.LearningWorld.Editor.Grounding.ArrivalProductionBuilder:BuildDressedArrival () (at Assets/Scripts/World/Editor/Grounding/ArrivalProductionBuilder.cs:79)
Yuvi720.LearningWorld.Editor.Grounding.ArrivalProductionBuilder:RebuildAndCapture () (at Assets/Scripts/World/Editor/Grounding/ArrivalProductionBuilder.cs:210)

[Assets/Scripts/World/Editor/Grounding/ArrivalProductionBuilder.cs line 79]

 -> (artifact id: '37724f36e4c8918cdcd629a2aef52ae6') in 0.002038666 seconds
Start importing Assets/Art/World/HighFidelity/Generated/Grounding/Textures/TEX_YW_Brick.asset using Guid(521d2a02e6bc749e2a5450cfbbf30627) (NativeFormatImporter)Main Object Name '' does not match filename 'TEX_YW_Brick'
UnityEngine.Debug:ExtractStackTraceNoAlloc (byte*,int,string)
UnityEngine.StackTraceUtility:ExtractStackTrace () (at /Users/bokken/build/output/unity/unity/Runtime/Export/Scripting/StackTrace.cs:35)
UnityEditor.SceneManagement.EditorSceneManager:SaveSceneInternal (UnityEngine.SceneManagement.Scene,string,bool)
UnityEditor.SceneManagement.EditorSceneManager:SaveScene (UnityEngine.SceneManagement.Scene,string,bool) (at /Users/bokken/build/output/unity/unity/Editor/Mono/EditorSceneManager.cs:95)
UnityEditor.SceneManagement.EditorSceneManager:SaveScene (UnityEngine.SceneManagement.Scene,string) (at /Users/bokken/build/output/unity/unity/Editor/Mono/EditorSceneManager.cs:78)
Yuvi720.LearningWorld.Editor.Grounding.ArrivalProductionBuilder:BuildDressedArrival () (at Assets/Scripts/World/Editor/Grounding/ArrivalProductionBuilder.cs:79)
Yuvi720.LearningWorld.Editor.Grounding.ArrivalProductionBuilder:RebuildAndCapture () (at Assets/Scripts/World/Editor/Grounding/ArrivalProductionBuilder.cs:210)

[Assets/Scripts/World/Editor/Grounding/ArrivalProductionBuilder.cs line 79]

 -> (artifact id: 'ee576aad7e65aad56829194d841ac4ed') in 0.001561625 seconds
Start importing Assets/Art/World/HighFidelity/Generated/Grounding/Textures/TEX_YW_Asphalt.asset using Guid(72614c868b57f4ff8912a2b8736520d0) (NativeFormatImporter)Main Object Name '' does not match filename 'TEX_YW_Asphalt'
UnityEngine.Debug:ExtractStackTraceNoAlloc (byte*,int,string)
UnityEngine.StackTraceUtility:ExtractStackTrace () (at /Users/bokken/build/output/unity/unity/Runtime/Export/Scripting/StackTrace.cs:35)
UnityEditor.SceneManagement.EditorSceneManager:SaveSceneInternal (UnityEngine.SceneManagement.Scene,string,bool)
UnityEditor.SceneManagement.EditorSceneManager:SaveScene (UnityEngine.SceneManagement.Scene,string,bool) (at /Users/bokken/build/output/unity/unity/Editor/Mono/EditorSceneManager.cs:95)
UnityEditor.SceneManagement.EditorSceneManager:SaveScene (UnityEngine.SceneManagement.Scene,string) (at /Users/bokken/build/output/unity/unity/Editor/Mono/EditorSceneManager.cs:78)
Yuvi720.LearningWorld.Editor.Grounding.ArrivalProductionBuilder:BuildDressedArrival () (at Assets/Scripts/World/Editor/Grounding/ArrivalProductionBuilder.cs:79)
Yuvi720.LearningWorld.Editor.Grounding.ArrivalProductionBuilder:RebuildAndCapture () (at Assets/Scripts/World/Editor/Grounding/ArrivalProductionBuilder.cs:210)

[Assets/Scripts/World/Editor/Grounding/ArrivalProductionBuilder.cs line 79]

 -> (artifact id: 'a8acaaed089ed9ef281bbf121768cfb0') in 0.002075542 seconds
Start importing Assets/Art/World/HighFidelity/Generated/Grounding/Textures/TEX_YW_Stucco_N.asset using Guid(73b842e4b2b384f7da6936ea888f4578) (NativeFormatImporter)Main Object Name '' does not match filename 'TEX_YW_Stucco_N'
UnityEngine.Debug:ExtractStackTraceNoAlloc (byte*,int,string)
UnityEngine.StackTraceUtility:ExtractStackTrace () (at /Users/bokken/build/output/unity/unity/Runtime/Export/Scripting/StackTrace.cs:35)
UnityEditor.SceneManagement.EditorSceneManager:SaveSceneInternal (UnityEngine.SceneManagement.Scene,string,bool)
UnityEditor.SceneManagement.EditorSceneManager:SaveScene (UnityEngine.SceneManagement.Scene,string,bool) (at /Users/bokken/build/output/unity/unity/Editor/Mono/EditorSceneManager.cs:95)
UnityEditor.SceneManagement.EditorSceneManager:SaveScene (UnityEngine.SceneManagement.Scene,string) (at /Users/bokken/build/output/unity/unity/Editor/Mono/EditorSceneManager.cs:78)
Yuvi720.LearningWorld.Editor.Grounding.ArrivalProductionBuilder:BuildDressedArrival () (at Assets/Scripts/World/Editor/Grounding/ArrivalProductionBuilder.cs:79)
Yuvi720.LearningWorld.Editor.Grounding.ArrivalProductionBuilder:RebuildAndCapture () (at Assets/Scripts/World/Editor/Grounding/ArrivalProductionBuilder.cs:210)

[Assets/Scripts/World/Editor/Grounding/ArrivalProductionBuilder.cs line 79]

 -> (artifact id: 'ab0072fce9ed347083f935f3d1cf651a') in 0.002083292 seconds
Start importing Assets/Art/World/HighFidelity/Generated/Grounding/Textures/TEX_YW_Sand.asset using Guid(73ad4960ff0f04e5cb36eebe8ec7921a) (NativeFormatImporter)Main Object Name '' does not match filename 'TEX_YW_Sand'
UnityEngine.Debug:ExtractStackTraceNoAlloc (byte*,int,string)
UnityEngine.StackTraceUtility:ExtractStackTrace () (at /Users/bokken/build/output/unity/unity/Runtime/Export/Scripting/StackTrace.cs:35)
UnityEditor.SceneManagement.EditorSceneManager:SaveSceneInternal (UnityEngine.SceneManagement.Scene,string,bool)
UnityEditor.SceneManagement.EditorSceneManager:SaveScene (UnityEngine.SceneManagement.Scene,string,bool) (at /Users/bokken/build/output/unity/unity/Editor/Mono/EditorSceneManager.cs:95)
UnityEditor.SceneManagement.EditorSceneManager:SaveScene (UnityEngine.SceneManagement.Scene,string) (at /Users/bokken/build/output/unity/unity/Editor/Mono/EditorSceneManager.cs:78)
Yuvi720.LearningWorld.Editor.Grounding.ArrivalProductionBuilder:BuildDressedArrival () (at Assets/Scripts/World/Editor/Grounding/ArrivalProductionBuilder.cs:79)
Yuvi720.LearningWorld.Editor.Grounding.ArrivalProductionBuilder:RebuildAndCapture () (at Assets/Scripts/World/Editor/Grounding/ArrivalProductionBuilder.cs:210)

[Assets/Scripts/World/Editor/Grounding/ArrivalProductionBuilder.cs line 79]

 -> (artifact id: '6e097a7812308a0b92779b065483908c') in 0.002072291 seconds
Start importing Assets/Art/World/HighFidelity/Generated/Grounding/Textures/TEX_YW_Concrete_N.asset using Guid(8351cc75c09684fd7969d112ede4a542) (NativeFormatImporter)Main Object Name '' does not match filename 'TEX_YW_Concrete_N'
UnityEngine.Debug:ExtractStackTraceNoAlloc (byte*,int,string)
UnityEngine.StackTraceUtility:ExtractStackTrace () (at /Users/bokken/build/output/unity/unity/Runtime/Export/Scripting/StackTrace.cs:35)
UnityEditor.SceneManagement.EditorSceneManager:SaveSceneInternal (UnityEngine.SceneManagement.Scene,string,bool)
UnityEditor.SceneManagement.EditorSceneManager:SaveScene (UnityEngine.SceneManagement.Scene,string,bool) (at /Users/bokken/build/output/unity/unity/Editor/Mono/EditorSceneManager.cs:95)
UnityEditor.SceneManagement.EditorSceneManager:SaveScene (UnityEngine.SceneManagement.Scene,string) (at /Users/bokken/build/output/unity/unity/Editor/Mono/EditorSceneManager.cs:78)
Yuvi720.LearningWorld.Editor.Grounding.ArrivalProductionBuilder:BuildDressedArrival () (at Assets/Scripts/World/Editor/Grounding/ArrivalProductionBuilder.cs:79)
Yuvi720.LearningWorld.Editor.Grounding.ArrivalProductionBuilder:RebuildAndCapture () (at Assets/Scripts/World/Editor/Grounding/ArrivalProductionBuilder.cs:210)

[Assets/Scripts/World/Editor/Grounding/ArrivalProductionBuilder.cs line 79]

 -> (artifact id: 'eb7cdbaca937da5738f107519f4a9307') in 0.002433375 seconds
Start importing Assets/Art/World/HighFidelity/Generated/Grounding/Textures/TEX_YW_Timber.asset using Guid(3781757e78a39422f80a22237fa6e544) (NativeFormatImporter)Main Object Name '' does not match filename 'TEX_YW_Timber'
UnityEngine.Debug:ExtractStackTraceNoAlloc (byte*,int,string)
UnityEngine.StackTraceUtility:ExtractStackTrace () (at /Users/bokken/build/output/unity/unity/Runtime/Export/Scripting/StackTrace.cs:35)
UnityEditor.SceneManagement.EditorSceneManager:SaveSceneInternal (UnityEngine.SceneManagement.Scene,string,bool)
UnityEditor.SceneManagement.EditorSceneManager:SaveScene (UnityEngine.SceneManagement.Scene,string,bool) (at /Users/bokken/build/output/unity/unity/Editor/Mono/EditorSceneManager.cs:95)
UnityEditor.SceneManagement.EditorSceneManager:SaveScene (UnityEngine.SceneManagement.Scene,string) (at /Users/bokken/build/output/unity/unity/Editor/Mono/EditorSceneManager.cs:78)
Yuvi720.LearningWorld.Editor.Grounding.ArrivalProductionBuilder:BuildDressedArrival () (at Assets/Scripts/World/Editor/Grounding/ArrivalProductionBuilder.cs:79)
Yuvi720.LearningWorld.Editor.Grounding.ArrivalProductionBuilder:RebuildAndCapture () (at Assets/Scripts/World/Editor/Grounding/ArrivalProductionBuilder.cs:210)

[Assets/Scripts/World/Editor/Grounding/ArrivalProductionBuilder.cs line 79]

 -> (artifact id: '16508b317edf545ae9ca167bd205c2dc') in 0.001838291 seconds
Start importing Assets/Art/World/HighFidelity/Generated/Grounding/Textures/TEX_YW_Asphalt_N.asset using Guid(573b37a6b850141d2a86b89a6d063d1c) (NativeFormatImporter)Main Object Name '' does not match filename 'TEX_YW_Asphalt_N'
UnityEngine.Debug:ExtractStackTraceNoAlloc (byte*,int,string)
UnityEngine.StackTraceUtility:ExtractStackTrace () (at /Users/bokken/build/output/unity/unity/Runtime/Export/Scripting/StackTrace.cs:35)
UnityEditor.SceneManagement.EditorSceneManager:SaveSceneInternal (UnityEngine.SceneManagement.Scene,string,bool)
UnityEditor.SceneManagement.EditorSceneManager:SaveScene (UnityEngine.SceneManagement.Scene,string,bool) (at /Users/bokken/build/output/unity/unity/Editor/Mono/EditorSceneManager.cs:95)
UnityEditor.SceneManagement.EditorSceneManager:SaveScene (UnityEngine.SceneManagement.Scene,string) (at /Users/bokken/build/output/unity/unity/Editor/Mono/EditorSceneManager.cs:78)
Yuvi720.LearningWorld.Editor.Grounding.ArrivalProductionBuilder:BuildDressedArrival () (at Assets/Scripts/World/Editor/Grounding/ArrivalProductionBuilder.cs:79)
Yuvi720.LearningWorld.Editor.Grounding.ArrivalProductionBuilder:RebuildAndCapture () (at Assets/Scripts/World/Editor/Grounding/ArrivalProductionBuilder.cs:210)

[Assets/Scripts/World/Editor/Grounding/ArrivalProductionBuilder.cs line 79]

 -> (artifact id: '82f869671f4c2909940070ba40ca9ff6') in 0.002097 seconds
Start importing Assets/Art/World/HighFidelity/Generated/Grounding/Textures/TEX_YW_Plaster_N.asset using Guid(77628ab65abfa45958721e7e4b53f01d) (NativeFormatImporter)Main Object Name '' does not match filename 'TEX_YW_Plaster_N'
UnityEngine.Debug:ExtractStackTraceNoAlloc (byte*,int,string)
UnityEngine.StackTraceUtility:ExtractStackTrace () (at /Users/bokken/build/output/unity/unity/Runtime/Export/Scripting/StackTrace.cs:35)
UnityEditor.SceneManagement.EditorSceneManager:SaveSceneInternal (UnityEngine.SceneManagement.Scene,string,bool)
UnityEditor.SceneManagement.EditorSceneManager:SaveScene (UnityEngine.SceneManagement.Scene,string,bool) (at /Users/bokken/build/output/unity/unity/Editor/Mono/EditorSceneManager.cs:95)
UnityEditor.SceneManagement.EditorSceneManager:SaveScene (UnityEngine.SceneManagement.Scene,string) (at /Users/bokken/build/output/unity/unity/Editor/Mono/EditorSceneManager.cs:78)
Yuvi720.LearningWorld.Editor.Grounding.ArrivalProductionBuilder:BuildDressedArrival () (at Assets/Scripts/World/Editor/Grounding/ArrivalProductionBuilder.cs:79)
Yuvi720.LearningWorld.Editor.Grounding.ArrivalProductionBuilder:RebuildAndCapture () (at Assets/Scripts/World/Editor/Grounding/ArrivalProductionBuilder.cs:210)

[Assets/Scripts/World/Editor/Grounding/ArrivalProductionBuilder.cs line 79]

 -> (artifact id: 'bb3cd6aa45a11b0251833056a77379b1') in 0.002116458 seconds
Start importing Assets/Art/World/HighFidelity/Generated/Grounding/Textures/TEX_YW_Bark.asset using Guid(1839f927227374e9da2f5cdc94ae3516) (NativeFormatImporter)Main Object Name '' does not match filename 'TEX_YW_Bark'
UnityEngine.Debug:ExtractStackTraceNoAlloc (byte*,int,string)
UnityEngine.StackTraceUtility:ExtractStackTrace () (at /Users/bokken/build/output/unity/unity/Runtime/Export/Scripting/StackTrace.cs:35)
UnityEditor.SceneManagement.EditorSceneManager:SaveSceneInternal (UnityEngine.SceneManagement.Scene,string,bool)
UnityEditor.SceneManagement.EditorSceneManager:SaveScene (UnityEngine.SceneManagement.Scene,string,bool) (at /Users/bokken/build/output/unity/unity/Editor/Mono/EditorSceneManager.cs:95)
UnityEditor.SceneManagement.EditorSceneManager:SaveScene (UnityEngine.SceneManagement.Scene,string) (at /Users/bokken/build/output/unity/unity/Editor/Mono/EditorSceneManager.cs:78)
Yuvi720.LearningWorld.Editor.Grounding.ArrivalProductionBuilder:BuildDressedArrival () (at Assets/Scripts/World/Editor/Grounding/ArrivalProductionBuilder.cs:79)
Yuvi720.LearningWorld.Editor.Grounding.ArrivalProductionBuilder:RebuildAndCapture () (at Assets/Scripts/World/Editor/Grounding/ArrivalProductionBuilder.cs:210)

[Assets/Scripts/World/Editor/Grounding/ArrivalProductionBuilder.cs line 79]

 -> (artifact id: '768396cdfcdbd1000c343c34ca53df8e') in 0.002189584 seconds
Start importing Assets/Art/World/HighFidelity/Generated/Grounding/Textures/TEX_YW_Masonry_N.asset using Guid(2862ca203501348d7a45d47203588944) (NativeFormatImporter)Main Object Name '' does not match filename 'TEX_YW_Masonry_N'
UnityEngine.Debug:ExtractStackTraceNoAlloc (byte*,int,string)
UnityEngine.StackTraceUtility:ExtractStackTrace () (at /Users/bokken/build/output/unity/unity/Runtime/Export/Scripting/StackTrace.cs:35)
UnityEditor.SceneManagement.EditorSceneManager:SaveSceneInternal (UnityEngine.SceneManagement.Scene,string,bool)
UnityEditor.SceneManagement.EditorSceneManager:SaveScene (UnityEngine.SceneManagement.Scene,string,bool) (at /Users/bokken/build/output/unity/unity/Editor/Mono/EditorSceneManager.cs:95)
UnityEditor.SceneManagement.EditorSceneManager:SaveScene (UnityEngine.SceneManagement.Scene,string) (at /Users/bokken/build/output/unity/unity/Editor/Mono/EditorSceneManager.cs:78)
Yuvi720.LearningWorld.Editor.Grounding.ArrivalProductionBuilder:BuildDressedArrival () (at Assets/Scripts/World/Editor/Grounding/ArrivalProductionBuilder.cs:79)
Yuvi720.LearningWorld.Editor.Grounding.ArrivalProductionBuilder:RebuildAndCapture () (at Assets/Scripts/World/Editor/Grounding/ArrivalProductionBuilder.cs:210)

[Assets/Scripts/World/Editor/Grounding/ArrivalProductionBuilder.cs line 79]

 -> (artifact id: '68b9c48e90eb02517678bdc6bd9880b2') in 0.001936042 seconds
Start importing Assets/Art/World/HighFidelity/Generated/Grounding/Textures/TEX_YW_ClayTile_N.asset using Guid(784fe86f148e34bbe9f304a606225409) (NativeFormatImporter)Main Object Name '' does not match filename 'TEX_YW_ClayTile_N'
UnityEngine.Debug:ExtractStackTraceNoAlloc (byte*,int,string)
UnityEngine.StackTraceUtility:ExtractStackTrace () (at /Users/bokken/build/output/unity/unity/Runtime/Export/Scripting/StackTrace.cs:35)
UnityEditor.SceneManagement.EditorSceneManager:SaveSceneInternal (UnityEngine.SceneManagement.Scene,string,bool)
UnityEditor.SceneManagement.EditorSceneManager:SaveScene (UnityEngine.SceneManagement.Scene,string,bool) (at /Users/bokken/build/output/unity/unity/Editor/Mono/EditorSceneManager.cs:95)
UnityEditor.SceneManagement.EditorSceneManager:SaveScene (UnityEngine.SceneManagement.Scene,string) (at /Users/bokken/build/output/unity/unity/Editor/Mono/EditorSceneManager.cs:78)
Yuvi720.LearningWorld.Editor.Grounding.ArrivalProductionBuilder:BuildDressedArrival () (at Assets/Scripts/World/Editor/Grounding/ArrivalProductionBuilder.cs:79)
Yuvi720.LearningWorld.Editor.Grounding.ArrivalProductionBuilder:RebuildAndCapture () (at Assets/Scripts/World/Editor/Grounding/ArrivalProductionBuilder.cs:210)

[Assets/Scripts/World/Editor/Grounding/ArrivalProductionBuilder.cs line 79]

 -> (artifact id: '413c0725998b95f23761d30d9a23aa6e') in 0.001893292 seconds
Start importing Assets/Art/World/HighFidelity/Generated/Grounding/Textures/TEX_YW_Brick_N.asset using Guid(a877ca377bbf546d08a012b39c07fdbd) (NativeFormatImporter)Main Object Name '' does not match filename 'TEX_YW_Brick_N'
UnityEngine.Debug:ExtractStackTraceNoAlloc (byte*,int,string)
UnityEngine.StackTraceUtility:ExtractStackTrace () (at /Users/bokken/build/output/unity/unity/Runtime/Export/Scripting/StackTrace.cs:35)
UnityEditor.SceneManagement.EditorSceneManager:SaveSceneInternal (UnityEngine.SceneManagement.Scene,string,bool)
UnityEditor.SceneManagement.EditorSceneManager:SaveScene (UnityEngine.SceneManagement.Scene,string,bool) (at /Users/bokken/build/output/unity/unity/Editor/Mono/EditorSceneManager.cs:95)
UnityEditor.SceneManagement.EditorSceneManager:SaveScene (UnityEngine.SceneManagement.Scene,string) (at /Users/bokken/build/output/unity/unity/Editor/Mono/EditorSceneManager.cs:78)
Yuvi720.LearningWorld.Editor.Grounding.ArrivalProductionBuilder:BuildDressedArrival () (at Assets/Scripts/World/Editor/Grounding/ArrivalProductionBuilder.cs:79)
Yuvi720.LearningWorld.Editor.Grounding.ArrivalProductionBuilder:RebuildAndCapture () (at Assets/Scripts/World/Editor/Grounding/ArrivalProductionBuilder.cs:210)

[Assets/Scripts/World/Editor/Grounding/ArrivalProductionBuilder.cs line 79]

 -> (artifact id: '5abbebba18c25bbd32ed53a9d4ec6238') in 0.000973167 seconds
Start importing Assets/Art/World/HighFidelity/Generated/Grounding/Textures/TEX_YW_Concrete.asset using Guid(29afff6c1079e4af697c5f4430817c04) (NativeFormatImporter)Main Object Name '' does not match filename 'TEX_YW_Concrete'
UnityEngine.Debug:ExtractStackTraceNoAlloc (byte*,int,string)
UnityEngine.StackTraceUtility:ExtractStackTrace () (at /Users/bokken/build/output/unity/unity/Runtime/Export/Scripting/StackTrace.cs:35)
UnityEditor.SceneManagement.EditorSceneManager:SaveSceneInternal (UnityEngine.SceneManagement.Scene,string,bool)
UnityEditor.SceneManagement.EditorSceneManager:SaveScene (UnityEngine.SceneManagement.Scene,string,bool) (at /Users/bokken/build/output/unity/unity/Editor/Mono/EditorSceneManager.cs:95)
UnityEditor.SceneManagement.EditorSceneManager:SaveScene (UnityEngine.SceneManagement.Scene,string) (at /Users/bokken/build/output/unity/unity/Editor/Mono/EditorSceneManager.cs:78)
Yuvi720.LearningWorld.Editor.Grounding.ArrivalProductionBuilder:BuildDressedArrival () (at Assets/Scripts/World/Editor/Grounding/ArrivalProductionBuilder.cs:79)
Yuvi720.LearningWorld.Editor.Grounding.ArrivalProductionBuilder:RebuildAndCapture () (at Assets/Scripts/World/Editor/Grounding/ArrivalProductionBuilder.cs:210)

[Assets/Scripts/World/Editor/Grounding/ArrivalProductionBuilder.cs line 79]

 -> (artifact id: '5f944bb6ae48b61dbe8f8d4c1e8d8e5f') in 0.001933208 seconds
Start importing Assets/Art/World/HighFidelity/Generated/Grounding/Textures/TEX_YW_Paving_N.asset using Guid(c94d8da2a3247498484aa659ccda8a2d) (NativeFormatImporter)Main Object Name '' does not match filename 'TEX_YW_Paving_N'
UnityEngine.Debug:ExtractStackTraceNoAlloc (byte*,int,string)
UnityEngine.StackTraceUtility:ExtractStackTrace () (at /Users/bokken/build/output/unity/unity/Runtime/Export/Scripting/StackTrace.cs:35)
UnityEditor.SceneManagement.EditorSceneManager:SaveSceneInternal (UnityEngine.SceneManagement.Scene,string,bool)
UnityEditor.SceneManagement.EditorSceneManager:SaveScene (UnityEngine.SceneManagement.Scene,string,bool) (at /Users/bokken/build/output/unity/unity/Editor/Mono/EditorSceneManager.cs:95)
UnityEditor.SceneManagement.EditorSceneManager:SaveScene (UnityEngine.SceneManagement.Scene,string) (at /Users/bokken/build/output/unity/unity/Editor/Mono/EditorSceneManager.cs:78)
Yuvi720.LearningWorld.Editor.Grounding.ArrivalProductionBuilder:BuildDressedArrival () (at Assets/Scripts/World/Editor/Grounding/ArrivalProductionBuilder.cs:79)
Yuvi720.LearningWorld.Editor.Grounding.ArrivalProductionBuilder:RebuildAndCapture () (at Assets/Scripts/World/Editor/Grounding/ArrivalProductionBuilder.cs:210)

[Assets/Scripts/World/Editor/Grounding/ArrivalProductionBuilder.cs line 79]

 -> (artifact id: '9072e6b0bd487041e57c70a09f0a8e02') in 0.002358417 seconds
Start importing Assets/Art/World/HighFidelity/Generated/Grounding/Textures/TEX_YW_Plaster.asset using Guid(1af1c506b6e6e4412937a6a130201520) (NativeFormatImporter)Main Object Name '' does not match filename 'TEX_YW_Plaster'
UnityEngine.Debug:ExtractStackTraceNoAlloc (byte*,int,string)
UnityEngine.StackTraceUtility:ExtractStackTrace () (at /Users/bokken/build/output/unity/unity/Runtime/Export/Scripting/StackTrace.cs:35)
UnityEditor.SceneManagement.EditorSceneManager:SaveSceneInternal (UnityEngine.SceneManagement.Scene,string,bool)
UnityEditor.SceneManagement.EditorSceneManager:SaveScene (UnityEngine.SceneManagement.Scene,string,bool) (at /Users/bokken/build/output/unity/unity/Editor/Mono/EditorSceneManager.cs:95)
UnityEditor.SceneManagement.EditorSceneManager:SaveScene (UnityEngine.SceneManagement.Scene,string) (at /Users/bokken/build/output/unity/unity/Editor/Mono/EditorSceneManager.cs:78)
Yuvi720.LearningWorld.Editor.Grounding.ArrivalProductionBuilder:BuildDressedArrival () (at Assets/Scripts/World/Editor/Grounding/ArrivalProductionBuilder.cs:79)
Yuvi720.LearningWorld.Editor.Grounding.ArrivalProductionBuilder:RebuildAndCapture () (at Assets/Scripts/World/Editor/Grounding/ArrivalProductionBuilder.cs:210)

[Assets/Scripts/World/Editor/Grounding/ArrivalProductionBuilder.cs line 79]

 -> (artifact id: '366ea05167da2da9b00bfd3455327d6f') in 0.001799 seconds
Start importing Assets/Art/World/HighFidelity/Generated/Grounding/Textures/TEX_YW_Masonry.asset using Guid(cbc8698a9ba5247669e2ccad91b4f6a3) (NativeFormatImporter)Main Object Name '' does not match filename 'TEX_YW_Masonry'
UnityEngine.Debug:ExtractStackTraceNoAlloc (byte*,int,string)
UnityEngine.StackTraceUtility:ExtractStackTrace () (at /Users/bokken/build/output/unity/unity/Runtime/Export/Scripting/StackTrace.cs:35)
UnityEditor.SceneManagement.EditorSceneManager:SaveSceneInternal (UnityEngine.SceneManagement.Scene,string,bool)
UnityEditor.SceneManagement.EditorSceneManager:SaveScene (UnityEngine.SceneManagement.Scene,string,bool) (at /Users/bokken/build/output/unity/unity/Editor/Mono/EditorSceneManager.cs:95)
UnityEditor.SceneManagement.EditorSceneManager:SaveScene (UnityEngine.SceneManagement.Scene,string) (at /Users/bokken/build/output/unity/unity/Editor/Mono/EditorSceneManager.cs:78)
Yuvi720.LearningWorld.Editor.Grounding.ArrivalProductionBuilder:BuildDressedArrival () (at Assets/Scripts/World/Editor/Grounding/ArrivalProductionBuilder.cs:79)
Yuvi720.LearningWorld.Editor.Grounding.ArrivalProductionBuilder:RebuildAndCapture () (at Assets/Scripts/World/Editor/Grounding/ArrivalProductionBuilder.cs:210)

[Assets/Scripts/World/Editor/Grounding/ArrivalProductionBuilder.cs line 79]

 -> (artifact id: '666680735e235c128f215b28ec680da9') in 0.001763667 seconds
Start importing Assets/Art/World/HighFidelity/Generated/Grounding/Textures/TEX_YW_Timber_N.asset using Guid(6c8590f7cbece4da196de180c657ee2c) (NativeFormatImporter)Main Object Name '' does not match filename 'TEX_YW_Timber_N'
UnityEngine.Debug:ExtractStackTraceNoAlloc (byte*,int,string)
UnityEngine.StackTraceUtility:ExtractStackTrace () (at /Users/bokken/build/output/unity/unity/Runtime/Export/Scripting/StackTrace.cs:35)
UnityEditor.SceneManagement.EditorSceneManager:SaveSceneInternal (UnityEngine.SceneManagement.Scene,string,bool)
UnityEditor.SceneManagement.EditorSceneManager:SaveScene (UnityEngine.SceneManagement.Scene,string,bool) (at /Users/bokken/build/output/unity/unity/Editor/Mono/EditorSceneManager.cs:95)
UnityEditor.SceneManagement.EditorSceneManager:SaveScene (UnityEngine.SceneManagement.Scene,string) (at /Users/bokken/build/output/unity/unity/Editor/Mono/EditorSceneManager.cs:78)
Yuvi720.LearningWorld.Editor.Grounding.ArrivalProductionBuilder:BuildDressedArrival () (at Assets/Scripts/World/Editor/Grounding/ArrivalProductionBuilder.cs:79)
Yuvi720.LearningWorld.Editor.Grounding.ArrivalProductionBuilder:RebuildAndCapture () (at Assets/Scripts/World/Editor/Grounding/ArrivalProductionBuilder.cs:210)

[Assets/Scripts/World/Editor/Grounding/ArrivalProductionBuilder.cs line 79]

 -> (artifact id: 'e3e7d3ed1f81704ec68f21a43db80f60') in 0.002094166 seconds
Start importing Assets/Art/World/HighFidelity/Generated/Grounding/Textures/TEX_YW_CloudPuff.asset using Guid(2ddeb19fcfafc4ee6b6932665916f078) (NativeFormatImporter)Main Object Name '' does not match filename 'TEX_YW_CloudPuff'
UnityEngine.Debug:ExtractStackTraceNoAlloc (byte*,int,string)
UnityEngine.StackTraceUtility:ExtractStackTrace () (at /Users/bokken/build/output/unity/unity/Runtime/Export/Scripting/StackTrace.cs:35)
UnityEditor.SceneManagement.EditorSceneManager:SaveSceneInternal (UnityEngine.SceneManagement.Scene,string,bool)
UnityEditor.SceneManagement.EditorSceneManager:SaveScene (UnityEngine.SceneManagement.Scene,string,bool) (at /Users/bokken/build/output/unity/unity/Editor/Mono/EditorSceneManager.cs:95)
UnityEditor.SceneManagement.EditorSceneManager:SaveScene (UnityEngine.SceneManagement.Scene,string) (at /Users/bokken/build/output/unity/unity/Editor/Mono/EditorSceneManager.cs:78)
Yuvi720.LearningWorld.Editor.Grounding.ArrivalProductionBuilder:BuildDressedArrival () (at Assets/Scripts/World/Editor/Grounding/ArrivalProductionBuilder.cs:79)
Yuvi720.LearningWorld.Editor.Grounding.ArrivalProductionBuilder:RebuildAndCapture () (at Assets/Scripts/World/Editor/Grounding/ArrivalProductionBuilder.cs:210)

[Assets/Scripts/World/Editor/Grounding/ArrivalProductionBuilder.cs line 79]

 -> (artifact id: '7501ad231be938cea85563cafae27de0') in 0.00260325 seconds
Start importing Assets/Art/World/HighFidelity/Generated/Grounding/Textures/TEX_YW_Stucco.asset using Guid(ed0adf8fe81154f86aad03059e111221) (NativeFormatImporter)Main Object Name '' does not match filename 'TEX_YW_Stucco'
UnityEngine.Debug:ExtractStackTraceNoAlloc (byte*,int,string)
UnityEngine.StackTraceUtility:ExtractStackTrace () (at /Users/bokken/build/output/unity/unity/Runtime/Export/Scripting/StackTrace.cs:35)
UnityEditor.SceneManagement.EditorSceneManager:SaveSceneInternal (UnityEngine.SceneManagement.Scene,string,bool)
UnityEditor.SceneManagement.EditorSceneManager:SaveScene (UnityEngine.SceneManagement.Scene,string,bool) (at /Users/bokken/build/output/unity/unity/Editor/Mono/EditorSceneManager.cs:95)
UnityEditor.SceneManagement.EditorSceneManager:SaveScene (UnityEngine.SceneManagement.Scene,string) (at /Users/bokken/build/output/unity/unity/Editor/Mono/EditorSceneManager.cs:78)
Yuvi720.LearningWorld.Editor.Grounding.ArrivalProductionBuilder:BuildDressedArrival () (at Assets/Scripts/World/Editor/Grounding/ArrivalProductionBuilder.cs:79)
Yuvi720.LearningWorld.Editor.Grounding.ArrivalProductionBuilder:RebuildAndCapture () (at Assets/Scripts/World/Editor/Grounding/ArrivalProductionBuilder.cs:210)

[Assets/Scripts/World/Editor/Grounding/ArrivalProductionBuilder.cs line 79]

 -> (artifact id: '6b286731e9571c92d8402742c5266c20') in 0.001919292 seconds
Start importing Assets/Art/World/HighFidelity/Generated/Grounding/Textures/TEX_YW_ClayTile.asset using Guid(5ea66775c49904713820d9a1ce21e26b) (NativeFormatImporter)Main Object Name '' does not match filename 'TEX_YW_ClayTile'
UnityEngine.Debug:ExtractStackTraceNoAlloc (byte*,int,string)
UnityEngine.StackTraceUtility:ExtractStackTrace () (at /Users/bokken/build/output/unity/unity/Runtime/Export/Scripting/StackTrace.cs:35)
UnityEditor.SceneManagement.EditorSceneManager:SaveSceneInternal (UnityEngine.SceneManagement.Scene,string,bool)
UnityEditor.SceneManagement.EditorSceneManager:SaveScene (UnityEngine.SceneManagement.Scene,string,bool) (at /Users/bokken/build/output/unity/unity/Editor/Mono/EditorSceneManager.cs:95)
UnityEditor.SceneManagement.EditorSceneManager:SaveScene (UnityEngine.SceneManagement.Scene,string) (at /Users/bokken/build/output/unity/unity/Editor/Mono/EditorSceneManager.cs:78)
Yuvi720.LearningWorld.Editor.Grounding.ArrivalProductionBuilder:BuildDressedArrival () (at Assets/Scripts/World/Editor/Grounding/ArrivalProductionBuilder.cs:79)
Yuvi720.LearningWorld.Editor.Grounding.ArrivalProductionBuilder:RebuildAndCapture () (at Assets/Scripts/World/Editor/Grounding/ArrivalProductionBuilder.cs:210)

[Assets/Scripts/World/Editor/Grounding/ArrivalProductionBuilder.cs line 79]

 -> (artifact id: 'eefa36f74329bc708a5eb00cfb119227') in 0.002058 seconds
Start importing Assets/Art/World/HighFidelity/Generated/Grounding/Textures/TEX_YW_WaterFlow.asset using Guid(9e1144c1040834a4491fef17084c3de4) (NativeFormatImporter)Main Object Name '' does not match filename 'TEX_YW_WaterFlow'
UnityEngine.Debug:ExtractStackTraceNoAlloc (byte*,int,string)
UnityEngine.StackTraceUtility:ExtractStackTrace () (at /Users/bokken/build/output/unity/unity/Runtime/Export/Scripting/StackTrace.cs:35)
UnityEditor.SceneManagement.EditorSceneManager:SaveSceneInternal (UnityEngine.SceneManagement.Scene,string,bool)
UnityEditor.SceneManagement.EditorSceneManager:SaveScene (UnityEngine.SceneManagement.Scene,string,bool) (at /Users/bokken/build/output/unity/unity/Editor/Mono/EditorSceneManager.cs:95)
UnityEditor.SceneManagement.EditorSceneManager:SaveScene (UnityEngine.SceneManagement.Scene,string) (at /Users/bokken/build/output/unity/unity/Editor/Mono/EditorSceneManager.cs:78)
Yuvi720.LearningWorld.Editor.Grounding.ArrivalProductionBuilder:BuildDressedArrival () (at Assets/Scripts/World/Editor/Grounding/ArrivalProductionBuilder.cs:79)
Yuvi720.LearningWorld.Editor.Grounding.ArrivalProductionBuilder:RebuildAndCapture () (at Assets/Scripts/World/Editor/Grounding/ArrivalProductionBuilder.cs:210)

[Assets/Scripts/World/Editor/Grounding/ArrivalProductionBuilder.cs line 79]

 -> (artifact id: '71bc38a6aa3ed4f5356b899ea0a73781') in 0.002547791 seconds
Start importing Assets/Art/World/HighFidelity/Generated/Grounding/Textures/TEX_YW_Stone.asset using Guid(ae493e6b5276a4fd2ac56d5bbd1a2296) (NativeFormatImporter)Main Object Name '' does not match filename 'TEX_YW_Stone'
UnityEngine.Debug:ExtractStackTraceNoAlloc (byte*,int,string)
UnityEngine.StackTraceUtility:ExtractStackTrace () (at /Users/bokken/build/output/unity/unity/Runtime/Export/Scripting/StackTrace.cs:35)
UnityEditor.SceneManagement.EditorSceneManager:SaveSceneInternal (UnityEngine.SceneManagement.Scene,string,bool)
UnityEditor.SceneManagement.EditorSceneManager:SaveScene (UnityEngine.SceneManagement.Scene,string,bool) (at /Users/bokken/build/output/unity/unity/Editor/Mono/EditorSceneManager.cs:95)
UnityEditor.SceneManagement.EditorSceneManager:SaveScene (UnityEngine.SceneManagement.Scene,string) (at /Users/bokken/build/output/unity/unity/Editor/Mono/EditorSceneManager.cs:78)
Yuvi720.LearningWorld.Editor.Grounding.ArrivalProductionBuilder:BuildDressedArrival () (at Assets/Scripts/World/Editor/Grounding/ArrivalProductionBuilder.cs:79)
Yuvi720.LearningWorld.Editor.Grounding.ArrivalProductionBuilder:RebuildAndCapture () (at Assets/Scripts/World/Editor/Grounding/ArrivalProductionBuilder.cs:210)

[Assets/Scripts/World/Editor/Grounding/ArrivalProductionBuilder.cs line 79]

 -> (artifact id: 'ad792170a52c1e506f501b5aa85c5dde') in 0.002162583 seconds
Start importing Assets/Art/World/HighFidelity/Generated/Grounding/Textures/TEX_YW_Foliage.asset using Guid(fe4c47d39dd4f41a78ebf4a5a5aa5469) (NativeFormatImporter)Main Object Name '' does not match filename 'TEX_YW_Foliage'
UnityEngine.Debug:ExtractStackTraceNoAlloc (byte*,int,string)
UnityEngine.StackTraceUtility:ExtractStackTrace () (at /Users/bokken/build/output/unity/unity/Runtime/Export/Scripting/StackTrace.cs:35)
UnityEditor.SceneManagement.EditorSceneManager:SaveSceneInternal (UnityEngine.SceneManagement.Scene,string,bool)
UnityEditor.SceneManagement.EditorSceneManager:SaveScene (UnityEngine.SceneManagement.Scene,string,bool) (at /Users/bokken/build/output/unity/unity/Editor/Mono/EditorSceneManager.cs:95)
UnityEditor.SceneManagement.EditorSceneManager:SaveScene (UnityEngine.SceneManagement.Scene,string) (at /Users/bokken/build/output/unity/unity/Editor/Mono/EditorSceneManager.cs:78)
Yuvi720.LearningWorld.Editor.Grounding.ArrivalProductionBuilder:BuildDressedArrival () (at Assets/Scripts/World/Editor/Grounding/ArrivalProductionBuilder.cs:79)
Yuvi720.LearningWorld.Editor.Grounding.ArrivalProductionBuilder:RebuildAndCapture () (at Assets/Scripts/World/Editor/Grounding/ArrivalProductionBuilder.cs:210)

[Assets/Scripts/World/Editor/Grounding/ArrivalProductionBuilder.cs line 79]

 -> (artifact id: '82e084239d79cd687a9a3b5ad8447c7f') in 0.001881667 seconds
Start importing Assets/Art/World/HighFidelity/Generated/Grounding/Textures/TEX_YW_Paving.asset using Guid(9fd3f1fcc460b4efb9a17b5de8b6b364) (NativeFormatImporter)Main Object Name '' does not match filename 'TEX_YW_Paving'
UnityEngine.Debug:ExtractStackTraceNoAlloc (byte*,int,string)
UnityEngine.StackTraceUtility:ExtractStackTrace () (at /Users/bokken/build/output/unity/unity/Runtime/Export/Scripting/StackTrace.cs:35)
UnityEditor.SceneManagement.EditorSceneManager:SaveSceneInternal (UnityEngine.SceneManagement.Scene,string,bool)
UnityEditor.SceneManagement.EditorSceneManager:SaveScene (UnityEngine.SceneManagement.Scene,string,bool) (at /Users/bokken/build/output/unity/unity/Editor/Mono/EditorSceneManager.cs:95)
UnityEditor.SceneManagement.EditorSceneManager:SaveScene (UnityEngine.SceneManagement.Scene,string) (at /Users/bokken/build/output/unity/unity/Editor/Mono/EditorSceneManager.cs:78)
Yuvi720.LearningWorld.Editor.Grounding.ArrivalProductionBuilder:BuildDressedArrival () (at Assets/Scripts/World/Editor/Grounding/ArrivalProductionBuilder.cs:79)
Yuvi720.LearningWorld.Editor.Grounding.ArrivalProductionBuilder:RebuildAndCapture () (at Assets/Scripts/World/Editor/Grounding/ArrivalProductionBuilder.cs:210)

[Assets/Scripts/World/Editor/Grounding/ArrivalProductionBuilder.cs line 79]

 -> (artifact id: '02b9881f240cbb33aa509abda71db584') in 0.00208375 seconds
Refreshing native plugins compatible for Editor in 0.21 ms, found 1 plugins.
Preloading 0 native plugins for Editor in 0.00 ms.
Asset Pipeline Refresh (id=4e9cd68f67dca48879f242182d0bf519): Total: 0.202 seconds - Initiated by StopAssetImportingV2(NoUpdateAssetOptions)
Start importing Assets/Scenes/ArtReview/Grounding/SCN_YW_Arrival_Production.unity using Guid(5986c824c6ba7425899204813d634712) (DefaultImporter) -> (artifact id: '2358a74b87920752d40aa28764966d74') in 0.003880416 seconds
Refreshing native plugins compatible for Editor in 0.37 ms, found 1 plugins.
Preloading 0 native plugins for Editor in 0.00 ms.
Asset Pipeline Refresh (id=48dc756f8075a416c898d5e59710515b): Total: 0.015 seconds - Initiated by StopAssetImportingV2(NoUpdateAssetOptions)
Asset Pipeline Refresh (id=a6d0206c5bc1240ca8a2a758ab885a74): Total: 0.051 seconds - Initiated by RefreshV2(NoUpdateAssetOptions)
✅ Dressed Arrival built: pavilion, cottages, market stall, arch, animated fountain + ocean, mountains, proximity animators.
UnityEngine.Debug:ExtractStackTraceNoAlloc (byte*,int,string)
UnityEngine.StackTraceUtility:ExtractStackTrace () (at /Users/bokken/build/output/unity/unity/Runtime/Export/Scripting/StackTrace.cs:35)
UnityEngine.DebugLogHandler:Internal_Log (UnityEngine.LogType,UnityEngine.LogOption,string,UnityEngine.Object)
UnityEngine.DebugLogHandler:LogFormat (UnityEngine.LogType,UnityEngine.Object,string,object[])
UnityEngine.Logger:Log (UnityEngine.LogType,object)
UnityEngine.Debug:Log (object)
Yuvi720.LearningWorld.Editor.Grounding.ArrivalProductionBuilder:BuildDressedArrival () (at Assets/Scripts/World/Editor/Grounding/ArrivalProductionBuilder.cs:82)
Yuvi720.LearningWorld.Editor.Grounding.ArrivalProductionBuilder:RebuildAndCapture () (at Assets/Scripts/World/Editor/Grounding/ArrivalProductionBuilder.cs:210)

(Filename: Assets/Scripts/World/Editor/Grounding/ArrivalProductionBuilder.cs Line: 82)

Opening scene 'Assets/Scenes/ArtReview/Grounding/SCN_YW_Arrival_Production.unity'
Unloading 1 Unused Serialized files (Serialized files now loaded: 0)
Loaded scene 'Assets/Scenes/ArtReview/Grounding/SCN_YW_Arrival_Production.unity'
	Deserialize:            80.167 ms
	Integration:            14.192 ms
	Integration of assets:  7.638 ms
	Thread Wait Time:       -7.627 ms
	Total Operation Time:   94.370 ms
Unloading 9 unused Assets / (2.1 KB). Loaded Objects now: 7888.
Memory consumption went from 157.3 MB to 157.3 MB.
Total: 8.728542 ms (FindLiveObjects: 0.211708 ms CreateObjectMapping: 0.058625 ms MarkObjects: 8.421042 ms  DeleteObjects: 0.036542 ms)

Shader warmup: 30 shaders 35 combinations 0.045s
xcrun: error: unable to find utility "metal", not a developer tool or in PATH
xcrun: error: unable to find utility "metal-objdump", not a developer tool or in PATH
Shader warmup: 30 shaders 57 combinations 0.026s
Shader warmup: 30 shaders 59 combinations 0.001s
Shader warmup: 30 shaders 59 combinations 0.001s
Start importing Assets/Art/World/HighFidelity/ReviewCaptures/ArrivalProduction/02-Arrival-Fountain.png using Guid(516599ff6a7fe4bdbb452b2ee9b0ddba) (TextureImporter) -> (artifact id: '9e0f72c55e5fe7fcf83757f5f9c6eb98') in 0.063101958 seconds
Start importing Assets/Art/World/HighFidelity/ReviewCaptures/ArrivalProduction/00-Arrival-Section-View.png using Guid(b6974a335d15f437c92e515c99485ace) (TextureImporter) -> (artifact id: 'e4172e1d44cbbde818b34c2d48b38014') in 0.041004084 seconds
Start importing Assets/Art/World/HighFidelity/ReviewCaptures/ArrivalProduction/01-Arrival-Beauty.png using Guid(2a091ffcd1ed44062ac7ee37fd430e39) (TextureImporter) -> (artifact id: '45a0170401630c97f440c8dae58ccc05') in 0.047535459 seconds
Start importing Assets/Art/World/HighFidelity/ReviewCaptures/ArrivalProduction/03-Arrival-Sea.png using Guid(bc5a0b6bbe1fe486da9e2c4c34a50566) (TextureImporter) -> (artifact id: 'f954ff5e72656edf36ba6a5702305897') in 0.040236667 seconds
Refreshing native plugins compatible for Editor in 0.22 ms, found 1 plugins.
Preloading 0 native plugins for Editor in 0.00 ms.
Asset Pipeline Refresh (id=26adfe960ac0b49d3b8ebf6be9a9f058): Total: 0.285 seconds - Initiated by RefreshV2(NoUpdateAssetOptions)
✅ Dressed Arrival captures saved.
UnityEngine.Debug:ExtractStackTraceNoAlloc (byte*,int,string)
UnityEngine.StackTraceUtility:ExtractStackTrace () (at /Users/bokken/build/output/unity/unity/Runtime/Export/Scripting/StackTrace.cs:35)
UnityEngine.DebugLogHandler:Internal_Log (UnityEngine.LogType,UnityEngine.LogOption,string,UnityEngine.Object)
UnityEngine.DebugLogHandler:LogFormat (UnityEngine.LogType,UnityEngine.Object,string,object[])
UnityEngine.Logger:Log (UnityEngine.LogType,object)
UnityEngine.Debug:Log (object)
Yuvi720.LearningWorld.Editor.Grounding.ArrivalProductionBuilder:CaptureDressedArrival () (at Assets/Scripts/World/Editor/Grounding/ArrivalProductionBuilder.cs:206)
Yuvi720.LearningWorld.Editor.Grounding.ArrivalProductionBuilder:RebuildAndCapture () (at Assets/Scripts/World/Editor/Grounding/ArrivalProductionBuilder.cs:210)

(Filename: Assets/Scripts/World/Editor/Grounding/ArrivalProductionBuilder.cs Line: 206)

Batchmode quit successfully invoked - shutting down!
Start importing Assets/Art/World/HighFidelity/Generated/Grounding/Materials/MAT_YW_Tex_WaterSheet_2E8FA0.mat using Guid(780134e5c62354b3d98373ee2658b66b) (NativeFormatImporter) -> (artifact id: 'e1e3829989117d1f57c7c48e199400ca') in 0.000840875 seconds
Start importing Assets/Art/World/HighFidelity/Generated/Grounding/Materials/MAT_YW_Dressing_SkyCloud.mat using Guid(5eb5a4155d1cf4da1ad5a9fc8a484267) (NativeFormatImporter) -> (artifact id: '391d4fee8e8fc4757326d5b2730d9917') in 0.000439916 seconds
Refreshing native plugins compatible for Editor in 0.44 ms, found 1 plugins.
Preloading 0 native plugins for Editor in 0.00 ms.
Asset Pipeline Refresh (id=c13c9135a6acc49fbb01907bfd2b7d27): Total: 0.011 seconds - Initiated by StopAssetImportingV2(NoUpdateAssetOptions)
Thread 0x16c0af000 may have been prematurely finalized
Input System module state changed to: ShutdownInProgress.
Input System polling thread exited.
Input System module state changed to: Shutdown.
[Physics::Module] Cleanup current backend.
[Physics::Module] Id: 0xf2b8ea05
[Licensing::IpcConnector] LicenseClient-motimalka-6000.3.11-notifications channel disconnected successfully.
[Licensing::IpcConnector] LicenseClient-motimalka-6000.3.11 channel disconnected successfully.
Thread 0x16c59b000 may have been prematurely finalized
Thread 0x16c50f000 may have been prematurely finalized
AcceleratorClientConnectionCallback - disconnected - :0
[40m[32minfo[39m[22m[49m: Microsoft.Hosting.Lifetime[0]
      Application is shutting down...
Cleanup mono
debugger-agent: Unable to listen on 43
Exiting batchmode successfully now!
[Package Manager] Server process was shutdown
